# File generated by ImageToStl.com - Free Image and 3D model conversion tools

mtllib Ruangan.mtl

o obj1
v 5.91235924 -5.57761955 -0.90840352
v 5.91235924 -5.57761955 -0.16824785
v 5.37636328 -5.62213898 -0.16824785
v 5.37636328 -5.62213898 -0.90840352
v 5.86770868 -5.04004192 -0.90840364
v 5.33171272 -5.08456135 -0.90840364
v 5.33171272 -5.08456135 -0.16824791
v 5.86770868 -5.04004192 -0.16824791
v 5.86770868 -5.04004192 -0.90840364
v 5.91235924 -5.57761955 -0.90840352
v 5.37636328 -5.62213898 -0.90840352
v 5.33171272 -5.08456135 -0.90840364
v 5.33171272 -5.08456135 -0.16824791
v 5.37636328 -5.62213898 -0.16824785
v 5.91235924 -5.57761955 -0.16824785
v 5.86770868 -5.04004192 -0.16824791
v 5.86770868 -5.04004192 -0.16824791
v 5.91235924 -5.57761955 -0.16824785
v 5.91235924 -5.57761955 -0.90840352
v 5.86770868 -5.04004192 -0.90840364
v 5.33171272 -5.08456135 -0.90840364
v 5.37636328 -5.62213898 -0.90840352
v 5.37636328 -5.62213898 -0.16824785
v 5.33171272 -5.08456135 -0.16824791
vn 0.08277 -0.99657 0
vn 0.08277 -0.99657 0
vn 0.08277 -0.99657 0
vn 0.08277 -0.99657 0
vn -0.08277 0.99657 0
vn -0.08277 0.99657 0
vn -0.08277 0.99657 0
vn -0.08277 0.99657 0
vn 0 -0 -1
vn 0 -0 -1
vn 0 -0 -1
vn 0 -0 -1
vn -0 0 1
vn -0 0 1
vn -0 0 1
vn 0 0 1
vn 0.99657 0.08277 0
vn 0.99657 0.08277 0
vn 0.99657 0.08277 0
vn 0.99657 0.08277 0
vn -0.99657 -0.08277 0
vn -0.99657 -0.08277 0
vn -0.99657 -0.08277 0
vn -0.99657 -0.08278 0
usemtl mat0
f 1//1 2//2 3//3
f 1//1 3//3 4//4
f 5//5 6//6 7//7
f 5//5 7//7 8//8
f 9//9 10//10 11//11
f 9//9 11//11 12//12
f 13//13 14//14 15//15
f 13//13 15//15 16//16
f 17//17 18//18 19//19
f 17//17 19//19 20//20
f 21//21 22//22 23//23
f 21//21 23//23 24//24
# Vertices: 24, normals: 24, texture coordinates: 0, faces: 12

o obj2
v -0.04711279 2.55634117 -0.90840411
v -0.04711279 2.55634117 -0.11788586
v -0.04331642 2.16747546 -0.11788586
v -0.04331642 2.16747546 -0.90840411
v -0.45507726 2.55235839 -0.90840411
v -0.45128089 2.16349268 -0.90840411
v -0.45128089 2.16349268 -0.11788586
v -0.45507726 2.55235839 -0.11788586
v -0.45507726 2.55235839 -0.90840411
v -0.04711279 2.55634117 -0.90840411
v -0.04331642 2.16747546 -0.90840411
v -0.45128089 2.16349268 -0.90840411
v -0.45128089 2.16349268 -0.11788586
v -0.04331642 2.16747546 -0.11788586
v -0.04711279 2.55634117 -0.11788586
v -0.45507726 2.55235839 -0.11788586
v -0.45507726 2.55235839 -0.11788586
v -0.04711279 2.55634117 -0.11788586
v -0.04711279 2.55634117 -0.90840411
v -0.45507726 2.55235839 -0.90840411
v -0.45128089 2.16349268 -0.90840411
v -0.04331642 2.16747546 -0.90840411
v -0.04331642 2.16747546 -0.11788586
v -0.45128089 2.16349268 -0.11788586
vn 0.99995 0.00976 0
vn 0.99995 0.00976 0
vn 0.99995 0.00976 0
vn 0.99995 0.00976 0
vn -0.99995 -0.00976 0
vn -0.99995 -0.00976 0
vn -0.99995 -0.00976 0
vn -0.99995 -0.00976 0
vn -0 0 -1
vn 0 0 -1
vn -0 0 -1
vn -0 0 -1
vn -0 0 1
vn 0 0 1
vn -0 0 1
vn -0 0 1
vn -0.00976 0.99995 0
vn -0.00976 0.99995 0
vn -0.00976 0.99995 0
vn -0.00976 0.99995 0
vn 0.00976 -0.99995 0
vn 0.00976 -0.99995 0
vn 0.00976 -0.99995 0
vn 0.00976 -0.99995 0
usemtl mat1
f 25//25 26//26 27//27
f 25//25 27//27 28//28
f 29//29 30//30 31//31
f 29//29 31//31 32//32
f 33//33 34//34 35//35
f 33//33 35//35 36//36
f 37//37 38//38 39//39
f 37//37 39//39 40//40
f 41//41 42//42 43//43
f 41//41 43//43 44//44
f 45//45 46//46 47//47
f 45//45 47//47 48//48
# Vertices: 24, normals: 24, texture coordinates: 0, faces: 12

o obj3
v 3.64338017 -5.97824192 -0.9084034
v 3.64338017 -5.97824192 -0.26725566
v 4.11707687 -6.01136971 -0.26725566
v 4.11707687 -6.01136971 -0.9084034
v 3.60900664 -6.46974754 -0.9084034
v 4.08270311 -6.50287533 -0.9084034
v 4.08270311 -6.50287533 -0.26725566
v 3.60900664 -6.46974754 -0.26725566
v 3.60900664 -6.46974754 -0.9084034
v 3.64338017 -5.97824192 -0.9084034
v 4.11707687 -6.01136971 -0.9084034
v 4.08270311 -6.50287533 -0.9084034
v 4.08270311 -6.50287533 -0.26725566
v 4.11707687 -6.01136971 -0.26725566
v 3.64338017 -5.97824192 -0.26725566
v 3.60900664 -6.46974754 -0.26725566
v 3.60900664 -6.46974754 -0.26725566
v 3.64338017 -5.97824192 -0.26725566
v 3.64338017 -5.97824192 -0.9084034
v 3.60900664 -6.46974754 -0.9084034
v 4.08270311 -6.50287533 -0.9084034
v 4.11707687 -6.01136971 -0.9084034
v 4.11707687 -6.01136971 -0.26725566
v 4.08270311 -6.50287533 -0.26725566
vn 0.06976 0.99756 0
vn 0.06976 0.99756 0
vn 0.06976 0.99756 0
vn 0.06976 0.99756 0
vn -0.06976 -0.99756 0
vn -0.06976 -0.99756 0
vn -0.06976 -0.99756 0
vn -0.06976 -0.99756 0
vn 0 0 -1
vn -0 0 -1
vn 0 0 -1
vn 0 0 -1
vn 0 0 1
vn -0 0 1
vn 0 0 1
vn 0 0 1
vn -0.99756 0.06976 0
vn -0.99756 0.06976 0
vn -0.99756 0.06976 0
vn -0.99756 0.06976 0
vn 0.99756 -0.06976 0
vn 0.99756 -0.06977 0
vn 0.99756 -0.06976 0
vn 0.99756 -0.06976 0
usemtl mat2
f 49//49 50//50 51//51
f 49//49 51//51 52//52
f 53//53 54//54 55//55
f 53//53 55//55 56//56
f 57//57 58//58 59//59
f 57//57 59//59 60//60
f 61//61 62//62 63//63
f 61//61 63//63 64//64
f 65//65 66//66 67//67
f 65//65 67//67 68//68
f 69//69 70//70 71//71
f 69//69 71//71 72//72
# Vertices: 24, normals: 24, texture coordinates: 0, faces: 12

o obj4
v 2.7039113 -4.52602291 -0.90840364
v 2.7039113 -4.52602291 -0.10585204
v 3.24319744 -4.58701706 -0.10585204
v 3.24319744 -4.58701754 -0.90840364
v 2.64197063 -5.07367897 -0.90840364
v 3.18125677 -5.13467312 -0.90840364
v 3.18125677 -5.13467312 -0.10585198
v 2.64197063 -5.07367849 -0.10585198
v 2.64197063 -5.07367897 -0.90840364
v 2.7039113 -4.52602291 -0.90840364
v 3.24319744 -4.58701754 -0.90840364
v 3.18125677 -5.13467312 -0.90840364
v 3.18125677 -5.13467312 -0.10585198
v 3.24319744 -4.58701706 -0.10585204
v 2.7039113 -4.52602291 -0.10585204
v 2.64197063 -5.07367849 -0.10585198
v 2.64197063 -5.07367849 -0.10585198
v 2.7039113 -4.52602291 -0.10585204
v 2.7039113 -4.52602291 -0.90840364
v 2.64197063 -5.07367897 -0.90840364
v 3.18125677 -5.13467312 -0.90840364
v 3.24319744 -4.58701754 -0.90840364
v 3.24319744 -4.58701706 -0.10585204
v 3.18125677 -5.13467312 -0.10585198
vn 0.11239 0.99366 -0
vn 0.11239 0.99366 0
vn 0.11239 0.99366 -0
vn 0.11239 0.99366 -0
vn -0.11239 -0.99366 0
vn -0.11239 -0.99366 0
vn -0.11239 -0.99366 0
vn -0.11239 -0.99366 0
vn 0 0 -1
vn -0 0 -1
vn 0 0 -1
vn 0 0 -1
vn 0 0 1
vn 0 0 1
vn 0 0 1
vn 0 0 1
vn -0.99366 0.11239 -0
vn -0.99366 0.11239 0
vn -0.99366 0.11239 -0
vn -0.99366 0.11238 -0
vn 0.99366 -0.11238 0
vn 0.99366 -0.11238 0
vn 0.99366 -0.11239 0
vn 0.99366 -0.11239 0
usemtl mat3
f 73//73 74//74 75//75
f 73//73 75//75 76//76
f 77//77 78//78 79//79
f 77//77 79//79 80//80
f 81//81 82//82 83//83
f 81//81 83//83 84//84
f 85//85 86//86 87//87
f 85//85 87//87 88//88
f 89//89 90//90 91//91
f 89//89 91//91 92//92
f 93//93 94//94 95//95
f 93//93 95//95 96//96
# Vertices: 24, normals: 24, texture coordinates: 0, faces: 12

o obj5
v 2.30473304 1.40459406 -0.90840411
v 2.30473304 1.40459406 -0.14712772
v 2.79365587 1.37621117 -0.14712772
v 2.79365587 1.37621105 -0.90840411
v 2.27337885 0.86448789 -0.90840399
v 2.76230168 0.83610499 -0.90840399
v 2.76230168 0.83610499 -0.14712766
v 2.27337885 0.86448801 -0.14712766
v 2.27337885 0.86448789 -0.90840399
v 2.30473304 1.40459406 -0.90840411
v 2.79365587 1.37621105 -0.90840411
v 2.76230168 0.83610499 -0.90840399
v 2.76230168 0.83610499 -0.14712766
v 2.79365587 1.37621117 -0.14712772
v 2.30473304 1.40459406 -0.14712772
v 2.27337885 0.86448801 -0.14712766
v 2.27337885 0.86448801 -0.14712766
v 2.30473304 1.40459406 -0.14712772
v 2.30473304 1.40459406 -0.90840411
v 2.27337885 0.86448789 -0.90840399
v 2.76230168 0.83610499 -0.90840399
v 2.79365587 1.37621105 -0.90840411
v 2.79365587 1.37621117 -0.14712772
v 2.76230168 0.83610499 -0.14712766
vn 0.05795 0.99832 0
vn 0.05795 0.99832 0
vn 0.05795 0.99832 0
vn 0.05795 0.99832 0
vn -0.05795 -0.99832 0
vn -0.05795 -0.99832 0
vn -0.05795 -0.99832 0
vn -0.05795 -0.99832 0
vn -0 -0 -1
vn 0 -0 -1
vn -0 -0 -1
vn -0 -0 -1
vn 0 0 1
vn -0 0 1
vn 0 0 1
vn 0 0 1
vn -0.99832 0.05795 0
vn -0.99832 0.05795 0
vn -0.99832 0.05795 0
vn -0.99832 0.05795 0
vn 0.99832 -0.05795 0
vn 0.99832 -0.05796 0
vn 0.99832 -0.05795 0
vn 0.99832 -0.05795 0
usemtl mat4
f 97//97 98//98 99//99
f 97//97 99//99 100//100
f 101//101 102//102 103//103
f 101//101 103//103 104//104
f 105//105 106//106 107//107
f 105//105 107//107 108//108
f 109//109 110//110 111//111
f 109//109 111//111 112//112
f 113//113 114//114 115//115
f 113//113 115//115 116//116
f 117//117 118//118 119//119
f 117//117 119//119 120//120
# Vertices: 24, normals: 24, texture coordinates: 0, faces: 12

o obj6
v 2.16185141 -6.04039621 -0.90840364
v 2.16185141 -6.04039621 -0.15620062
v 1.71899486 -6.2222991 -0.15620062
v 1.71899486 -6.2222991 -0.90840364
v 1.92688966 -5.46836329 -0.90840364
v 1.48403299 -5.65026617 -0.90840364
v 1.48403299 -5.65026617 -0.15620068
v 1.92688966 -5.46836329 -0.15620068
v 1.92688966 -5.46836329 -0.90840364
v 2.16185141 -6.04039621 -0.90840364
v 1.71899486 -6.2222991 -0.90840364
v 1.48403299 -5.65026617 -0.90840364
v 1.48403299 -5.65026617 -0.15620068
v 1.71899486 -6.2222991 -0.15620062
v 2.16185141 -6.04039621 -0.15620062
v 1.92688966 -5.46836329 -0.15620068
v 1.92688966 -5.46836329 -0.15620068
v 2.16185141 -6.04039621 -0.15620062
v 2.16185141 -6.04039621 -0.90840364
v 1.92688966 -5.46836329 -0.90840364
v 1.48403299 -5.65026617 -0.90840364
v 1.71899486 -6.2222991 -0.90840364
v 1.71899486 -6.2222991 -0.15620062
v 1.48403299 -5.65026617 -0.15620068
vn 0.37995 -0.92501 0
vn 0.37995 -0.92501 0
vn 0.37995 -0.92501 0
vn 0.37995 -0.92501 0
vn -0.37995 0.92501 0
vn -0.37995 0.92501 0
vn -0.37995 0.92501 0
vn -0.37995 0.92501 0
vn 0 0 -1
vn 0 0 -1
vn 0 0 -1
vn 0 0 -1
vn -0 0 1
vn -0 0 1
vn -0 0 1
vn -0 0 1
vn 0.92501 0.37995 0
vn 0.92501 0.37995 0
vn 0.92501 0.37995 0
vn 0.92501 0.37995 0
vn -0.92501 -0.37995 0
vn -0.92501 -0.37995 0
vn -0.92501 -0.37995 0
vn -0.92501 -0.37995 0
usemtl mat5
f 121//121 122//122 123//123
f 121//121 123//123 124//124
f 125//125 126//126 127//127
f 125//125 127//127 128//128
f 129//129 130//130 131//131
f 129//129 131//131 132//132
f 133//133 134//134 135//135
f 133//133 135//135 136//136
f 137//137 138//138 139//139
f 137//137 139//139 140//140
f 141//141 142//142 143//143
f 141//141 143//143 144//144
# Vertices: 24, normals: 24, texture coordinates: 0, faces: 12

o obj7
v 7.13700104 1.66682446 -0.90840387
v 7.07041264 0.76147711 1.49751449
v 7.13700104 1.6668247 1.49751449
v 7.07041264 0.76147687 -0.90840387
v 7.15019703 0.75560892 1.49751449
v 7.15019703 0.75560868 -0.90840387
v 7.21678591 1.66095626 -0.90840387
v 7.21678591 1.6609565 1.49751449
v 7.07041264 0.76147711 1.49751449
v 7.07041264 0.76147687 -0.90840387
v 7.15019703 0.75560868 -0.90840387
v 7.15019703 0.75560892 1.49751449
v 7.13700104 1.6668247 1.49751449
v 7.07041264 0.76147711 1.49751449
v 7.15019703 0.75560892 1.49751449
v 7.21678591 1.6609565 1.49751449
v 7.13700104 1.66682446 -0.90840387
v 7.13700104 1.6668247 1.49751449
v 7.21678591 1.6609565 1.49751449
v 7.21678591 1.66095626 -0.90840387
v 7.07041264 0.76147687 -0.90840387
v 7.13700104 1.66682446 -0.90840387
v 7.21678591 1.66095626 -0.90840387
v 7.15019703 0.75560868 -0.90840387
vn -0.99731 0.07335 -0
vn -0.99731 0.07335 -0
vn -0.99731 0.07335 -0
vn -0.99731 0.07335 -0
vn 0.99731 -0.07335 0
vn 0.99731 -0.07335 0
vn 0.99731 -0.07335 0
vn 0.99731 -0.07335 0
vn -0.07335 -0.99731 0
vn -0.07335 -0.99731 0
vn -0.07335 -0.99731 0
vn -0.07335 -0.99731 0
vn -0 0 1
vn 0 0 1
vn 0 0 1
vn -0 0 1
vn 0.07335 0.99731 -0
vn 0.07335 0.99731 -0
vn 0.07335 0.99731 -0
vn 0.07335 0.99731 0
vn -0 0 -1
vn -0 0 -1
vn -0 0 -1
vn 0 0 -1
usemtl mat6
f 145//145 146//146 147//147
f 145//145 148//148 146//146
f 149//149 150//150 151//151
f 152//152 149//149 151//151
f 153//153 154//154 155//155
f 155//155 156//156 153//153
f 157//157 158//158 159//159
f 159//159 160//160 157//157
f 161//161 162//162 163//163
f 163//163 164//164 161//161
f 165//165 166//166 167//167
f 165//165 167//167 168//168
# Vertices: 24, normals: 24, texture coordinates: 0, faces: 12

o obj8
v -0.8663106 2.51408219 -0.90840375
v -1.16109562 -1.70125198 -0.90840375
v -0.97868967 -1.71400797 -0.90840375
v -1.16626978 -1.89416015 -0.90840375
v -1.4625268 -6.13054466 -0.90840375
v -0.99213934 -1.9063375 -0.90840375
v -0.67597413 2.50077128 -0.90840375
v 2.43136883 -6.45733929 -0.90840375
v -1.31135321 -6.43545341 -0.90840375
v 3.06905937 2.26009679 -0.90840375
v -0.6578846 2.75944448 -0.90840375
v 2.41467619 -6.69602108 -0.90840375
v 3.08567214 2.49765134 -0.90840375
v 2.61350656 -6.47007656 -0.90840375
v 6.8009882 -2.31625676 -0.90840375
v 6.78450203 -2.55201077 -0.90840375
v 2.59468722 -6.73917866 -0.90840375
v 6.38132191 -6.83586693 -0.90840375
v 3.49739289 2.23014235 -0.90840375
v 3.50845575 2.38833737 -0.90840375
v 7.17198467 2.13214087 -0.90840375
v 6.36962223 -7.0031662 -0.90840375
v 7.30052423 1.70884871 -0.90840375
v 6.64096594 -6.85402489 -0.90840375
v 6.94104671 -2.562958 -0.90840375
v 7.0034337 -2.3304143 -0.90840375
v 7.30052423 1.70884871 -1.06840372
v 7.0034337 -2.3304143 -1.06840372
v 6.8009882 -2.31625676 -1.06840372
v 6.94104671 -2.562958 -1.06840372
v 6.64096594 -6.85402489 -1.06840372
v 6.78450203 -2.55201077 -1.06840372
v 6.38132191 -6.83586693 -1.06840372
v 7.17198467 2.13214087 -1.06840372
v 3.49739289 2.23014235 -1.06840372
v 2.61350656 -6.47007656 -1.06840372
v 6.36962223 -7.0031662 -1.06840372
v 2.59468722 -6.73917866 -1.06840372
v 3.50845575 2.38833737 -1.06840372
v 3.06905937 2.26009679 -1.06840372
v -0.99213934 -1.9063375 -1.06840372
v -0.97868967 -1.71400797 -1.06840372
v 2.43136883 -6.45733929 -1.06840372
v 3.08567214 2.49765134 -1.06840372
v -0.6578846 2.75944448 -1.06840372
v 2.41467619 -6.69602108 -1.06840372
v -1.31135321 -6.43545341 -1.06840372
v -0.67597413 2.50077128 -1.06840372
v -1.4625268 -6.13054466 -1.06840372
v -0.8663106 2.51408219 -1.06840372
v -1.16626978 -1.89416015 -1.06840372
v -1.16109562 -1.70125198 -1.06840372
v 2.41467619 -6.69602108 -0.90840375
v -1.31135321 -6.43545341 -0.90840375
v -1.31135321 -6.43545341 -1.06840372
v 2.41467619 -6.69602108 -1.06840372
v 2.43136883 -6.45733929 -0.90840375
v 2.41467619 -6.69602108 -0.90840375
v 2.41467619 -6.69602108 -1.06840372
v 2.43136883 -6.45733929 -1.06840372
v 2.61350656 -6.47007656 -0.90840375
v 2.43136883 -6.45733929 -0.90840375
v 2.43136883 -6.45733929 -1.06840372
v 2.61350656 -6.47007656 -1.06840372
v 2.59468722 -6.73917866 -0.90840375
v 2.61350656 -6.47007656 -0.90840375
v 2.61350656 -6.47007656 -1.06840372
v 2.59468722 -6.73917866 -1.06840372
v 6.36962223 -7.0031662 -0.90840375
v 2.59468722 -6.73917866 -0.90840375
v 2.59468722 -6.73917866 -1.06840372
v 6.36962223 -7.0031662 -1.06840372
v 6.38132191 -6.83586693 -0.90840375
v 6.36962223 -7.0031662 -0.90840375
v 6.36962223 -7.0031662 -1.06840372
v 6.38132191 -6.83586693 -1.06840372
v 6.64096594 -6.85402489 -0.90840375
v 6.38132191 -6.83586693 -0.90840375
v 6.38132191 -6.83586693 -1.06840372
v 6.64096594 -6.85402489 -1.06840372
v 6.94104671 -2.562958 -0.90840375
v 6.64096594 -6.85402489 -0.90840375
v 6.64096594 -6.85402489 -1.06840372
v 6.94104671 -2.562958 -1.06840372
v 6.78450203 -2.55201077 -0.90840375
v 6.94104671 -2.562958 -0.90840375
v 6.94104671 -2.562958 -1.06840372
v 6.78450203 -2.55201077 -1.06840372
v 6.8009882 -2.31625676 -0.90840375
v 6.78450203 -2.55201077 -0.90840375
v 6.78450203 -2.55201077 -1.06840372
v 6.8009882 -2.31625676 -1.06840372
v 7.0034337 -2.3304143 -0.90840375
v 6.8009882 -2.31625676 -0.90840375
v 6.8009882 -2.31625676 -1.06840372
v 7.0034337 -2.3304143 -1.06840372
v 7.30052423 1.70884871 -0.90840375
v 7.0034337 -2.3304143 -0.90840375
v 7.0034337 -2.3304143 -1.06840372
v 7.30052423 1.70884871 -1.06840372
v 7.17198467 2.13214087 -0.90840375
v 7.30052423 1.70884871 -0.90840375
v 7.30052423 1.70884871 -1.06840372
v 7.17198467 2.13214087 -1.06840372
v 3.50845575 2.38833737 -0.90840375
v 7.17198467 2.13214087 -0.90840375
v 7.17198467 2.13214087 -1.06840372
v 3.50845575 2.38833737 -1.06840372
v 3.49739289 2.23014235 -0.90840375
v 3.50845575 2.38833737 -0.90840375
v 3.50845575 2.38833737 -1.06840372
v 3.49739289 2.23014235 -1.06840372
v 3.06905937 2.26009679 -0.90840375
v 3.49739289 2.23014235 -0.90840375
v 3.49739289 2.23014235 -1.06840372
v 3.06905937 2.26009679 -1.06840372
v 3.08567214 2.49765134 -0.90840375
v 3.06905937 2.26009679 -0.90840375
v 3.06905937 2.26009679 -1.06840372
v 3.08567214 2.49765134 -1.06840372
v -0.6578846 2.75944448 -0.90840375
v 3.08567214 2.49765134 -0.90840375
v 3.08567214 2.49765134 -1.06840372
v -0.6578846 2.75944448 -1.06840372
v -0.67597413 2.50077128 -0.90840375
v -0.6578846 2.75944448 -0.90840375
v -0.6578846 2.75944448 -1.06840372
v -0.67597413 2.50077128 -1.06840372
v -0.8663106 2.51408219 -0.90840375
v -0.67597413 2.50077128 -0.90840375
v -0.67597413 2.50077128 -1.06840372
v -0.8663106 2.51408219 -1.06840372
v -1.16109562 -1.70125198 -0.90840375
v -0.8663106 2.51408219 -0.90840375
v -0.8663106 2.51408219 -1.06840372
v -1.16109562 -1.70125198 -1.06840372
v -0.97868967 -1.71400797 -0.90840375
v -1.16109562 -1.70125198 -0.90840375
v -1.16109562 -1.70125198 -1.06840372
v -0.97868967 -1.71400797 -1.06840372
v -0.99213934 -1.9063375 -0.90840375
v -0.97868967 -1.71400797 -0.90840375
v -0.97868967 -1.71400797 -1.06840372
v -0.99213934 -1.9063375 -1.06840372
v -1.16626978 -1.89416015 -0.90840375
v -0.99213934 -1.9063375 -0.90840375
v -0.99213934 -1.9063375 -1.06840372
v -1.16626978 -1.89416015 -1.06840372
v -1.4625268 -6.13054466 -0.90840375
v -1.16626978 -1.89416015 -0.90840375
v -1.16626978 -1.89416015 -1.06840372
v -1.4625268 -6.13054466 -1.06840372
v -1.31135321 -6.43545341 -0.90840375
v -1.4625268 -6.13054466 -0.90840375
v -1.4625268 -6.13054466 -1.06840372
v -1.31135321 -6.43545341 -1.06840372
vn 0 0 1
vn 0 0 1
vn 0 0 1
vn 0 0 1
vn -0 0 1
vn -0 0 1
vn -0 0 1
vn 0 0 1
vn 0 0 1
vn -0 0 1
vn 0 0 1
vn 0 0 1
vn 0 0 1
vn 0 0 1
vn -0 0 1
vn -0 0 1
vn 0 0 1
vn 0 0 1
vn 0 0 1
vn 0 0 1
vn -0 0 1
vn 0 0 1
vn -0 0 1
vn 0 0 1
vn 0 0 1
vn -0 0 1
vn 0 0 -1
vn 0 0 -1
vn 0 0 -1
vn 0 0 -1
vn -0 0 -1
vn 0 0 -1
vn -0 0 -1
vn 0 0 -1
vn 0 0 -1
vn -0 0 -1
vn 0 0 -1
vn 0 0 -1
vn 0 0 -1
vn -0 0 -1
vn -0 0 -1
vn -0 0 -1
vn -0 0 -1
vn -0 0 -1
vn 0 0 -1
vn -0 0 -1
vn -0 0 -1
vn 0 0 -1
vn -0 0 -1
vn -0 0 -1
vn 0 0 -1
vn -0 0 -1
vn -0.06976 -0.99756 0
vn -0.06976 -0.99756 0
vn -0.06976 -0.99756 0
vn -0.06976 -0.99756 0
vn 0.99756 -0.06977 0
vn 0.99756 -0.06977 0
vn 0.99756 -0.06977 0
vn 0.99756 -0.06977 0
vn -0.06976 -0.99756 0
vn -0.06976 -0.99756 0
vn -0.06976 -0.99756 0
vn -0.06976 -0.99756 0
vn -0.99756 0.06976 0
vn -0.99756 0.06976 0
vn -0.99756 0.06976 0
vn -0.99756 0.06976 0
vn -0.06976 -0.99756 0
vn -0.06976 -0.99756 0
vn -0.06976 -0.99756 0
vn -0.06976 -0.99756 0
vn 0.99756 -0.06976 0
vn 0.99756 -0.06977 0
vn 0.99756 -0.06976 0
vn 0.99756 -0.06976 0
vn -0.06976 -0.99756 0
vn -0.06976 -0.99756 0
vn -0.06976 -0.99756 0
vn -0.06976 -0.99756 0
vn 0.99756 -0.06976 0
vn 0.99756 -0.06976 0
vn 0.99756 -0.06976 0
vn 0.99756 -0.06976 0
vn 0.06976 0.99756 0
vn 0.06976 0.99756 0
vn 0.06976 0.99756 0
vn 0.06976 0.99756 0
vn 0.99756 -0.06976 0
vn 0.99756 -0.06975 0
vn 0.99756 -0.06976 0
vn 0.99756 -0.06976 0
vn -0.06976 -0.99756 0
vn -0.06976 -0.99756 0
vn -0.06976 -0.99756 0
vn -0.06976 -0.99756 0
vn 0.99731 -0.07335 0
vn 0.99731 -0.07335 0
vn 0.99731 -0.07335 0
vn 0.99731 -0.07335 0
vn 0.95685 0.29057 0
vn 0.95686 0.29056 0
vn 0.95686 0.29056 0
vn 0.95685 0.29057 0
vn 0.06976 0.99756 0
vn 0.06976 0.99756 0
vn 0.06976 0.99756 0
vn 0.06976 0.99756 0
vn -0.99756 0.06976 0
vn -0.99756 0.06976 0
vn -0.99756 0.06976 0
vn -0.99756 0.06976 0
vn 0.06976 0.99756 0
vn 0.06976 0.99756 0
vn 0.06976 0.99756 0
vn 0.06976 0.99756 0
vn 0.99756 -0.06976 0
vn 0.99756 -0.06976 0
vn 0.99756 -0.06976 0
vn 0.99756 -0.06976 0
vn 0.06976 0.99756 0
vn 0.06976 0.99756 0
vn 0.06976 0.99756 0
vn 0.06976 0.99756 0
vn -0.99756 0.06976 0
vn -0.99756 0.06976 0
vn -0.99756 0.06976 0
vn -0.99756 0.06976 0
vn 0.06976 0.99756 0
vn 0.06976 0.99756 0
vn 0.06976 0.99756 0
vn 0.06976 0.99756 0
vn -0.99756 0.06976 0
vn -0.99756 0.06976 0
vn -0.99756 0.06976 0
vn -0.99756 0.06976 0
vn -0.06976 -0.99756 0
vn -0.06976 -0.99756 0
vn -0.06976 -0.99756 0
vn -0.06976 -0.99756 0
vn -0.99756 0.06976 0
vn -0.99756 0.06976 0
vn -0.99756 0.06976 0
vn -0.99756 0.06976 0
vn 0.06976 0.99756 0
vn 0.06976 0.99756 0
vn 0.06976 0.99756 0
vn 0.06976 0.99756 0
vn -0.99756 0.06976 0
vn -0.99756 0.06976 0
vn -0.99756 0.06976 0
vn -0.99756 0.06976 0
vn -0.89593 -0.4442 0
vn -0.89593 -0.4442 0
vn -0.89593 -0.4442 0
vn -0.89593 -0.4442 0
usemtl mat7
f 169//169 170//170 171//171
f 172//172 173//173 174//174
f 169//169 171//171 175//175
f 173//173 176//176 174//174
f 173//173 177//177 176//176
f 171//171 178//178 175//175
f 179//179 175//175 178//178
f 177//177 180//180 176//176
f 179//179 178//178 181//181
f 174//174 176//176 182//182
f 171//171 174//174 183//183
f 171//171 183//183 178//178
f 174//174 182//182 184//184
f 182//182 185//185 186//186
f 174//174 184//184 183//183
f 178//178 183//183 187//187
f 188//188 187//187 189//189
f 185//185 190//190 186//186
f 182//182 186//186 184//184
f 187//187 183//183 191//191
f 187//187 191//191 189//189
f 186//186 192//192 184//184
f 184//184 192//192 193//193
f 183//183 194//194 191//191
f 195//195 196//196 197//197
f 198//198 199//199 200//200
f 200//200 199//199 201//201
f 202//202 195//195 203//203
f 195//195 197//197 203//203
f 200//200 201//201 204//204
f 201//201 205//205 206//206
f 202//202 203//203 207//207
f 203//203 197//197 208//208
f 197//197 200//200 209//209
f 201//201 206//206 204//204
f 200//200 204//204 209//209
f 208//208 197//197 210//210
f 197//197 209//209 210//210
f 204//204 211//211 209//209
f 212//212 208//208 213//213
f 211//211 214//214 215//215
f 208//208 216//216 213//213
f 216//216 208//208 210//210
f 211//211 215//215 217//217
f 209//209 211//211 217//217
f 216//216 210//210 218//218
f 209//209 217//217 219//219
f 210//210 220//220 218//218
f 221//221 222//222 223//223
f 223//223 224//224 221//221
f 225//225 226//226 227//227
f 227//227 228//228 225//225
f 229//229 230//230 231//231
f 231//231 232//232 229//229
f 233//233 234//234 235//235
f 235//235 236//236 233//233
f 237//237 238//238 239//239
f 239//239 240//240 237//237
f 241//241 242//242 243//243
f 243//243 244//244 241//241
f 245//245 246//246 247//247
f 247//247 248//248 245//245
f 249//249 250//250 251//251
f 251//251 252//252 249//249
f 253//253 254//254 255//255
f 255//255 256//256 253//253
f 257//257 258//258 259//259
f 259//259 260//260 257//257
f 261//261 262//262 263//263
f 263//263 264//264 261//261
f 265//265 266//266 267//267
f 267//267 268//268 265//265
f 269//269 270//270 271//271
f 271//271 272//272 269//269
f 273//273 274//274 275//275
f 275//275 276//276 273//273
f 277//277 278//278 279//279
f 279//279 280//280 277//277
f 281//281 282//282 283//283
f 283//283 284//284 281//281
f 285//285 286//286 287//287
f 287//287 288//288 285//285
f 289//289 290//290 291//291
f 291//291 292//292 289//289
f 293//293 294//294 295//295
f 295//295 296//296 293//293
f 297//297 298//298 299//299
f 299//299 300//300 297//297
f 301//301 302//302 303//303
f 303//303 304//304 301//301
f 305//305 306//306 307//307
f 307//307 308//308 305//305
f 309//309 310//310 311//311
f 311//311 312//312 309//309
f 313//313 314//314 315//315
f 315//315 316//316 313//313
f 317//317 318//318 319//319
f 319//319 320//320 317//317
f 321//321 322//322 323//323
f 323//323 324//324 321//321
# Vertices: 156, normals: 156, texture coordinates: 0, faces: 100

o obj9
v 4.39711189 -6.70483112 -0.90840334
v 4.39711189 -6.70483112 -0.10696876
v 3.2695508 -6.62597895 -0.10696876
v 3.2695508 -6.62597895 -0.90840334
v 4.43197727 -6.20626116 -0.9084034
v 3.30441642 -6.12740898 -0.9084034
v 3.30441642 -6.12740898 -0.10696882
v 4.43197727 -6.20626116 -0.10696882
v 4.43197727 -6.20626116 -0.9084034
v 4.39711189 -6.70483112 -0.90840334
v 3.2695508 -6.62597895 -0.90840334
v 3.30441642 -6.12740898 -0.9084034
v 3.30441642 -6.12740898 -0.10696882
v 3.2695508 -6.62597895 -0.10696876
v 4.39711189 -6.70483112 -0.10696876
v 4.43197727 -6.20626116 -0.10696882
v 4.43197727 -6.20626116 -0.10696882
v 4.39711189 -6.70483112 -0.10696876
v 4.39711189 -6.70483112 -0.90840334
v 4.43197727 -6.20626116 -0.9084034
v 3.30441642 -6.12740898 -0.9084034
v 3.2695508 -6.62597895 -0.90840334
v 3.2695508 -6.62597895 -0.10696876
v 3.30441642 -6.12740898 -0.10696882
vn -0.06976 -0.99756 0
vn -0.06976 -0.99756 0
vn -0.06976 -0.99756 0
vn -0.06976 -0.99756 0
vn 0.06976 0.99756 0
vn 0.06976 0.99756 0
vn 0.06976 0.99756 0
vn 0.06976 0.99756 0
vn 0 -0 -1
vn 0 -0 -1
vn 0 -0 -1
vn 0 -0 -1
vn 0 0 1
vn 0 0 1
vn 0 0 1
vn 0 0 1
vn 0.99756 -0.06976 0
vn 0.99756 -0.06976 0
vn 0.99756 -0.06976 0
vn 0.99756 -0.06976 0
vn -0.99756 0.06976 0
vn -0.99756 0.06976 0
vn -0.99756 0.06976 0
vn -0.99756 0.06976 0
usemtl mat8
f 325//325 326//326 327//327
f 325//325 327//327 328//328
f 329//329 330//330 331//331
f 329//329 331//331 332//332
f 333//333 334//334 335//335
f 333//333 335//335 336//336
f 337//337 338//338 339//339
f 337//337 339//339 340//340
f 341//341 342//342 343//343
f 341//341 343//343 344//344
f 345//345 346//346 347//347
f 345//345 347//347 348//348
# Vertices: 24, normals: 24, texture coordinates: 0, faces: 12

o obj10
v 5.86086464 -5.13201046 -0.90840352
v 5.86086464 -5.13200998 -0.13620272
v 5.30217028 -5.09293985 -0.13620272
v 5.30217028 -5.09293985 -0.90840352
v 5.89458704 -4.64978933 -0.90840364
v 5.33589268 -4.6107192 -0.90840364
v 5.33589268 -4.61071873 -0.13620278
v 5.89458704 -4.64978933 -0.13620278
v 5.89458704 -4.64978933 -0.90840364
v 5.86086464 -5.13201046 -0.90840352
v 5.30217028 -5.09293985 -0.90840352
v 5.33589268 -4.6107192 -0.90840364
v 5.33589268 -4.61071873 -0.13620278
v 5.30217028 -5.09293985 -0.13620272
v 5.86086464 -5.13200998 -0.13620272
v 5.89458704 -4.64978933 -0.13620278
v 5.89458704 -4.64978933 -0.13620278
v 5.86086464 -5.13200998 -0.13620272
v 5.86086464 -5.13201046 -0.90840352
v 5.89458704 -4.64978933 -0.90840364
v 5.33589268 -4.6107192 -0.90840364
v 5.30217028 -5.09293985 -0.90840352
v 5.30217028 -5.09293985 -0.13620272
v 5.33589268 -4.61071873 -0.13620278
vn -0.06976 -0.99756 0
vn -0.06976 -0.99756 0
vn -0.06976 -0.99756 0
vn -0.06976 -0.99756 0
vn 0.06976 0.99756 -0
vn 0.06976 0.99756 -0
vn 0.06976 0.99756 -0
vn 0.06976 0.99756 0
vn -0 -0 -1
vn -0 -0 -1
vn -0 -0 -1
vn 0 -0 -1
vn 0 0 1
vn 0 0 1
vn 0 0 1
vn 0 0 1
vn 0.99756 -0.06976 0
vn 0.99756 -0.06976 0
vn 0.99756 -0.06976 0
vn 0.99756 -0.06976 0
vn -0.99756 0.06976 0
vn -0.99756 0.06976 0
vn -0.99756 0.06976 0
vn -0.99756 0.06976 0
usemtl mat9
f 349//349 350//350 351//351
f 349//349 351//351 352//352
f 353//353 354//354 355//355
f 353//353 355//355 356//356
f 357//357 358//358 359//359
f 357//357 359//359 360//360
f 361//361 362//362 363//363
f 361//361 363//363 364//364
f 365//365 366//366 367//367
f 365//365 367//367 368//368
f 369//369 370//370 371//371
f 369//369 371//371 372//372
# Vertices: 24, normals: 24, texture coordinates: 0, faces: 12

o obj11
v 0.14683729 2.2357471 -0.90840411
v 0.14683729 2.23574734 -0.16015908
v 1.32462502 2.15338254 -0.16015908
v 1.32462502 2.15338254 -0.90840411
v 0.08966237 1.41816378 -0.90840399
v 1.26745009 1.3357991 -0.90840399
v 1.26745009 1.33579922 -0.16015902
v 0.08966237 1.41816378 -0.16015902
v 0.08966237 1.41816378 -0.90840399
v 0.14683729 2.2357471 -0.90840411
v 1.32462502 2.15338254 -0.90840411
v 1.26745009 1.3357991 -0.90840399
v 1.26745009 1.33579922 -0.16015902
v 1.32462502 2.15338254 -0.16015908
v 0.14683729 2.23574734 -0.16015908
v 0.08966237 1.41816378 -0.16015902
v 0.08966237 1.41816378 -0.16015902
v 0.14683729 2.23574734 -0.16015908
v 0.14683729 2.2357471 -0.90840411
v 0.08966237 1.41816378 -0.90840399
v 1.26745009 1.3357991 -0.90840399
v 1.32462502 2.15338254 -0.90840411
v 1.32462502 2.15338254 -0.16015908
v 1.26745009 1.33579922 -0.16015902
vn 0.06976 0.99756 0
vn 0.06976 0.99756 0
vn 0.06976 0.99756 0
vn 0.06976 0.99756 0
vn -0.06976 -0.99756 0
vn -0.06976 -0.99756 0
vn -0.06976 -0.99756 0
vn -0.06976 -0.99756 0
vn -0 -0 -1
vn -0 -0 -1
vn -0 -0 -1
vn 0 -0 -1
vn 0 0 1
vn 0 0 1
vn 0 0 1
vn 0 0 1
vn -0.99756 0.06976 -0
vn -0.99756 0.06976 -0
vn -0.99756 0.06976 -0
vn -0.99756 0.06976 0
vn 0.99756 -0.06976 0
vn 0.99756 -0.06976 0
vn 0.99756 -0.06976 0
vn 0.99756 -0.06976 0
usemtl mat10
f 373//373 374//374 375//375
f 373//373 375//375 376//376
f 377//377 378//378 379//379
f 377//377 379//379 380//380
f 381//381 382//382 383//383
f 381//381 383//383 384//384
f 385//385 386//386 387//387
f 385//385 387//387 388//388
f 389//389 390//390 391//391
f 389//389 391//391 392//392
f 393//393 394//394 395//395
f 393//393 395//395 396//396
# Vertices: 24, normals: 24, texture coordinates: 0, faces: 12

o obj12
v -0.5495013 -1.72882771 -0.90840375
v -0.5495013 -1.72882771 -0.08073926
v 0.06520835 -1.77181518 -0.08073926
v 0.06520835 -1.77181518 -0.90840375
v -0.58829904 -2.28362536 -0.90840369
v 0.02641061 -2.32661271 -0.90840369
v 0.02641061 -2.32661271 -0.0807392
v -0.58829904 -2.28362513 -0.0807392
v -0.58829904 -2.28362536 -0.90840369
v -0.5495013 -1.72882771 -0.90840375
v 0.06520835 -1.77181518 -0.90840375
v 0.02641061 -2.32661271 -0.90840369
v 0.02641061 -2.32661271 -0.0807392
v 0.06520835 -1.77181518 -0.08073926
v -0.5495013 -1.72882771 -0.08073926
v -0.58829904 -2.28362513 -0.0807392
v -0.58829904 -2.28362513 -0.0807392
v -0.5495013 -1.72882771 -0.08073926
v -0.5495013 -1.72882771 -0.90840375
v -0.58829904 -2.28362536 -0.90840369
v 0.02641061 -2.32661271 -0.90840369
v 0.06520835 -1.77181518 -0.90840375
v 0.06520835 -1.77181518 -0.08073926
v 0.02641061 -2.32661271 -0.0807392
vn 0.06976 0.99756 0
vn 0.06976 0.99756 0
vn 0.06976 0.99756 0
vn 0.06976 0.99756 0
vn -0.06976 -0.99756 0
vn -0.06976 -0.99756 0
vn -0.06976 -0.99756 0
vn -0.06976 -0.99756 0
vn 0 -0 -1
vn 0 -0 -1
vn 0 -0 -1
vn 0 -0 -1
vn 0 0 1
vn 0 0 1
vn 0 0 1
vn 0 0 1
vn -0.99756 0.06976 0
vn -0.99756 0.06976 0
vn -0.99756 0.06976 0
vn -0.99756 0.06976 0
vn 0.99756 -0.06976 0
vn 0.99756 -0.06976 0
vn 0.99756 -0.06976 0
vn 0.99756 -0.06976 0
usemtl mat11
f 397//397 398//398 399//399
f 397//397 399//399 400//400
f 401//401 402//402 403//403
f 401//401 403//403 404//404
f 405//405 406//406 407//407
f 405//405 407//407 408//408
f 409//409 410//410 411//411
f 409//409 411//411 412//412
f 413//413 414//414 415//415
f 413//413 415//415 416//416
f 417//417 418//418 419//419
f 417//417 419//419 420//420
# Vertices: 24, normals: 24, texture coordinates: 0, faces: 12

o obj13
v -1.29988682 -6.09838343 -0.9084034
v -1.03859818 -2.36204004 -0.90840364
v -1.03859818 -2.36204004 0.90337372
v -1.29988682 -6.09838343 0.90337396
v -1.29988682 -6.09838343 1.8818984
v -1.03859818 -2.36204004 1.88189816
v -1.03859818 -2.36204004 2.04775
v -1.29988682 -6.09838343 2.04775023
v -1.03859818 -2.36204004 -0.90840364
v -1.01782095 -2.06493235 -0.90840364
v -1.01782095 -2.06493235 2.04775
v -1.03859818 -2.36204004 2.04775
v -1.19820833 -2.35087824 2.04775
v -1.17743111 -2.05377054 2.04775
v -1.19820833 -2.35087824 -0.90840364
v -1.17743111 -2.05377054 -0.90840364
v -1.45949697 -6.08722162 2.04775023
v -1.19820833 -2.35087824 2.04775
v -1.45949697 -6.08722162 1.8818984
v -1.19820833 -2.35087824 1.88189816
v -1.45949697 -6.08722162 0.90337396
v -1.19820833 -2.35087824 0.90337372
v -1.45949697 -6.08722162 -0.9084034
v -1.19820833 -2.35087824 -0.90840364
v -1.29988682 -6.09838343 0.90337396
v -1.03859818 -2.36204004 0.90337372
v -1.19820833 -2.35087824 0.90337372
v -1.45949697 -6.08722162 0.90337396
v -1.03859818 -2.36204004 0.90337372
v -1.03859818 -2.36204004 1.88189816
v -1.19820833 -2.35087824 1.88189816
v -1.19820833 -2.35087824 0.90337372
v -1.03859818 -2.36204004 1.88189816
v -1.29988682 -6.09838343 1.8818984
v -1.45949697 -6.08722162 1.8818984
v -1.19820833 -2.35087824 1.88189816
v -1.29988682 -6.09838343 1.8818984
v -1.29988682 -6.09838343 0.90337396
v -1.45949697 -6.08722162 0.90337396
v -1.45949697 -6.08722162 1.8818984
v -1.29988682 -6.09838343 2.04775023
v -1.01782095 -2.06493235 2.04775
v -1.17743111 -2.05377054 2.04775
v -1.45949697 -6.08722162 2.04775023
v -1.01782095 -2.06493235 -0.90840364
v -1.29988682 -6.09838343 -0.9084034
v -1.45949697 -6.08722162 -0.9084034
v -1.17743111 -2.05377054 -0.90840364
v -1.01782095 -2.06493235 2.04775
v -1.01782095 -2.06493235 -0.90840364
v -1.17743111 -2.05377054 -0.90840364
v -1.17743111 -2.05377054 2.04775
v -1.29988682 -6.09838343 -0.9084034
v -1.29988682 -6.09838343 2.04775023
v -1.45949697 -6.08722162 2.04775023
v -1.45949697 -6.08722162 -0.9084034
v -1.01782107 -2.06493235 -0.90840364
v -1.17743123 -2.05377054 -0.90840364
v -1.16626942 -1.89416051 -0.90840364
v -1.00665939 -1.90532207 -0.90840364
v -1.01782107 -2.06493235 2.04775
v -1.16626942 -1.89416051 2.04775
v -1.17743123 -2.05377054 2.04775
v -1.00665939 -1.90532207 2.04775
v -1.01782107 -2.06493235 -0.90840364
v -1.17743123 -2.05377054 2.04775
v -1.17743123 -2.05377054 -0.90840364
v -1.01782107 -2.06493235 2.04775
v -1.17743123 -2.05377054 -0.90840364
v -1.16626942 -1.89416051 2.04775
v -1.16626942 -1.89416051 -0.90840364
v -1.17743123 -2.05377054 2.04775
v -1.16626942 -1.89416051 -0.90840364
v -1.00665939 -1.90532207 2.04775
v -1.00665939 -1.90532207 -0.90840364
v -1.16626942 -1.89416051 2.04775
v -1.00665939 -1.90532207 -0.90840364
v -1.01782107 -2.06493235 2.04775
v -1.01782107 -2.06493235 -0.90840364
v -1.00665939 -1.90532207 2.04775
vn 0.99756 -0.06976 0
vn 0.99756 -0.06976 0
vn 0.99756 -0.06976 0
vn 0.99756 -0.06976 0
vn 0.99756 -0.06976 0
vn 0.99756 -0.06976 0
vn 0.99756 -0.06976 0
vn 0.99756 -0.06976 0
vn 0.99756 -0.06976 0
vn 0.99756 -0.06976 0
vn 0.99756 -0.06976 0
vn 0.99756 -0.06976 0
vn -0.99756 0.06976 0
vn -0.99756 0.06976 0
vn -0.99756 0.06976 0
vn -0.99756 0.06976 0
vn -0.99756 0.06976 0
vn -0.99756 0.06976 0
vn -0.99756 0.06976 0
vn -0.99756 0.06976 0
vn -0.99756 0.06976 0
vn -0.99756 0.06976 0
vn -0.99756 0.06976 0
vn -0.99756 0.06976 0
vn -0 0 1
vn -0 0 1
vn -0 0 1
vn 0 0 1
vn -0.06976 -0.99756 0
vn -0.06976 -0.99756 0
vn -0.06976 -0.99756 0
vn -0.06976 -0.99756 0
vn -0 -0 -1
vn 0 -0 -1
vn 0 -0 -1
vn -0 -0 -1
vn 0.06976 0.99756 0
vn 0.06976 0.99756 0
vn 0.06976 0.99756 0
vn 0.06976 0.99756 0
vn 0 0 1
vn 0 0 1
vn 0 0 1
vn 0 0 1
vn -0 -0 -1
vn -0 -0 -1
vn -0 -0 -1
vn 0 -0 -1
vn 0.06976 0.99756 0
vn 0.06976 0.99756 0
vn 0.06976 0.99756 0
vn 0.06976 0.99756 0
vn -0.06976 -0.99756 0
vn -0.06976 -0.99756 0
vn -0.06976 -0.99756 0
vn -0.06976 -0.99756 0
vn 0 0 -1
vn 0 0 -1
vn 0 0 -1
vn 0 0 -1
vn 0 0 1
vn 0 0 1
vn 0 0 1
vn 0 0 1
vn -0.06976 -0.99756 0
vn -0.06976 -0.99756 0
vn -0.06976 -0.99756 0
vn -0.06976 -0.99756 0
vn -0.99756 0.06976 0
vn -0.99756 0.06976 0
vn -0.99756 0.06976 0
vn -0.99756 0.06976 0
vn 0.06976 0.99756 0
vn 0.06976 0.99756 0
vn 0.06976 0.99756 0
vn 0.06976 0.99756 0
vn 0.99756 -0.06976 0
vn 0.99756 -0.06976 0
vn 0.99756 -0.06976 0
vn 0.99756 -0.06976 0
usemtl mat12
f 421//421 422//422 423//423
f 421//421 423//423 424//424
f 425//425 426//426 427//427
f 425//425 427//427 428//428
f 429//429 430//430 431//431
f 429//429 431//431 432//432
f 433//433 434//434 435//435
f 434//434 436//436 435//435
f 437//437 438//438 439//439
f 438//438 440//440 439//439
f 441//441 442//442 443//443
f 442//442 444//444 443//443
f 445//445 446//446 447//447
f 445//445 447//447 448//448
f 449//449 450//450 451//451
f 449//449 451//451 452//452
f 453//453 454//454 455//455
f 453//453 455//455 456//456
f 457//457 458//458 459//459
f 457//457 459//459 460//460
f 461//461 462//462 463//463
f 461//461 463//463 464//464
f 465//465 466//466 467//467
f 465//465 467//467 468//468
f 469//469 470//470 471//471
f 469//469 471//471 472//472
f 473//473 474//474 475//475
f 473//473 475//475 476//476
f 477//477 478//478 479//479
f 479//479 480//480 477//477
f 481//481 482//482 483//483
f 484//484 482//482 481//481
f 485//485 486//486 487//487
f 488//488 486//486 485//485
f 489//489 490//490 491//491
f 492//492 490//490 489//489
f 493//493 494//494 495//495
f 496//496 494//494 493//493
f 497//497 498//498 499//499
f 500//500 498//498 497//497
# Vertices: 80, normals: 80, texture coordinates: 0, faces: 40

o obj14
v 6.77027416 -2.71140695 -0.90840358
v 6.69339514 -3.81075764 -0.90840358
v 6.69339514 -3.8107574 2.04775
v 6.77027416 -2.71140671 2.04775
v 6.69339514 -3.81075764 -0.90840358
v 6.64007568 -4.57320976 -0.90840346
v 6.64007568 -4.57320976 0.78982472
v 6.69339514 -3.81075764 0.78982472
v 6.69339514 -3.8107574 1.68076539
v 6.64007568 -4.57320976 1.68076563
v 6.64007568 -4.57320929 2.04775023
v 6.69339514 -3.8107574 2.04775
v 6.64007568 -4.57320976 -0.90840346
v 6.49251747 -6.68325233 -0.90840334
v 6.49251747 -6.68325233 2.04775023
v 6.64007568 -4.57320976 2.04775023
v 6.79968596 -4.58437157 2.04775023
v 6.65212774 -6.69441414 2.04775023
v 6.79968596 -4.58437157 -0.90840346
v 6.65212774 -6.69441414 -0.90840334
v 6.85300541 -3.8219192 2.04775
v 6.79968596 -4.58437109 2.04775023
v 6.85300541 -3.8219192 1.68076539
v 6.79968596 -4.58437109 1.68076563
v 6.85300541 -3.8219192 0.78982472
v 6.79968596 -4.58437157 0.78982472
v 6.85300541 -3.82191944 -0.90840358
v 6.79968596 -4.58437157 -0.90840346
v 6.92988443 -2.72256851 2.04775
v 6.85300541 -3.8219192 2.04775
v 6.92988443 -2.72256875 -0.90840358
v 6.85300541 -3.82191944 -0.90840358
v 6.69339514 -3.81075764 0.78982466
v 6.64007568 -4.57320976 0.78982472
v 6.79968596 -4.58437157 0.78982472
v 6.85300541 -3.8219192 0.78982466
v 6.64007568 -4.57320976 0.78982472
v 6.64007568 -4.57320976 1.68076563
v 6.79968596 -4.58437109 1.68076563
v 6.79968596 -4.58437157 0.78982472
v 6.64007568 -4.57320976 1.68076563
v 6.69339514 -3.8107574 1.68076539
v 6.85300541 -3.8219192 1.68076539
v 6.79968596 -4.58437109 1.68076563
v 6.69339514 -3.8107574 1.68076539
v 6.69339514 -3.81075764 0.78982466
v 6.85300541 -3.8219192 0.78982466
v 6.85300541 -3.8219192 1.68076539
v 6.77027416 -2.71140671 2.04775
v 6.49251747 -6.68325233 2.04775023
v 6.65212774 -6.69441414 2.04775023
v 6.92988443 -2.72256851 2.04775
v 6.49251747 -6.68325233 -0.90840334
v 6.77027416 -2.71140671 -0.90840358
v 6.92988443 -2.72256851 -0.90840358
v 6.65212774 -6.69441414 -0.90840334
v 6.49251747 -6.68325233 2.04775023
v 6.49251747 -6.68325233 -0.90840334
v 6.65212774 -6.69441414 -0.90840334
v 6.65212774 -6.69441414 2.04775023
v 6.77027416 -2.71140671 -0.90840358
v 6.77027416 -2.71140671 2.04775
v 6.92988443 -2.72256851 2.04775
v 6.92988443 -2.72256851 -0.90840358
v 6.49251747 -6.68325233 -0.90840334
v 6.65212774 -6.69441414 -0.90840334
v 6.64096594 -6.85402393 -0.90840334
v 6.48135614 -6.84286213 -0.90840334
v 6.49251747 -6.68325233 2.04775023
v 6.64096594 -6.85402393 2.04775023
v 6.65212774 -6.69441414 2.04775023
v 6.48135614 -6.84286213 2.04775023
v 6.49251747 -6.68325233 -0.90840334
v 6.65212774 -6.69441414 2.04775023
v 6.65212774 -6.69441414 -0.90840334
v 6.49251747 -6.68325233 2.04775023
v 6.65212774 -6.69441414 -0.90840334
v 6.64096594 -6.85402393 2.04775023
v 6.64096594 -6.85402393 -0.90840334
v 6.65212774 -6.69441414 2.04775023
v 6.64096594 -6.85402393 -0.90840334
v 6.48135614 -6.84286213 2.04775023
v 6.48135614 -6.84286213 -0.90840334
v 6.64096594 -6.85402393 2.04775023
v 6.48135614 -6.84286213 -0.90840334
v 6.49251747 -6.68325233 2.04775023
v 6.49251747 -6.68325233 -0.90840334
v 6.48135614 -6.84286213 2.04775023
vn -0.99756 0.06976 0
vn -0.99756 0.06976 0
vn -0.99756 0.06976 0
vn -0.99756 0.06976 0
vn -0.99756 0.06976 0
vn -0.99756 0.06976 0
vn -0.99756 0.06976 0
vn -0.99756 0.06976 0
vn -0.99756 0.06976 -0
vn -0.99756 0.06976 -0
vn -0.99756 0.06976 -0
vn -0.99756 0.06976 0
vn -0.99756 0.06976 0
vn -0.99756 0.06976 0
vn -0.99756 0.06976 0
vn -0.99756 0.06976 0
vn 0.99756 -0.06976 0
vn 0.99756 -0.06976 0
vn 0.99756 -0.06976 0
vn 0.99756 -0.06976 0
vn 0.99756 -0.06976 0
vn 0.99756 -0.06976 0
vn 0.99756 -0.06976 0
vn 0.99756 -0.06976 0
vn 0.99756 -0.06976 0
vn 0.99756 -0.06976 0
vn 0.99756 -0.06976 0
vn 0.99756 -0.06976 0
vn 0.99756 -0.06976 0
vn 0.99756 -0.06976 0
vn 0.99756 -0.06976 0
vn 0.99756 -0.06976 0
vn -0 0 1
vn -0 0 1
vn -0 0 1
vn 0 0 1
vn 0.06976 0.99756 0
vn 0.06976 0.99756 0
vn 0.06976 0.99756 0
vn 0.06976 0.99756 0
vn -0 -0 -1
vn -0 -0 -1
vn -0 -0 -1
vn 0 -0 -1
vn -0.06976 -0.99756 0
vn -0.06976 -0.99756 0
vn -0.06976 -0.99756 0
vn -0.06976 -0.99756 0
vn -0 0 1
vn -0 0 1
vn -0 0 1
vn 0 0 1
vn 0 -0 -1
vn -0 -0 -1
vn -0 -0 -1
vn 0 -0 -1
vn -0.06976 -0.99756 0
vn -0.06976 -0.99756 0
vn -0.06976 -0.99756 0
vn -0.06976 -0.99756 0
vn 0.06976 0.99756 0
vn 0.06976 0.99756 0
vn 0.06976 0.99756 0
vn 0.06976 0.99756 0
vn 0 0 -1
vn 0 0 -1
vn 0 0 -1
vn 0 0 -1
vn 0 0 1
vn 0 0 1
vn 0 0 1
vn 0 0 1
vn 0.06976 0.99756 0
vn 0.06976 0.99756 0
vn 0.06976 0.99756 0
vn 0.06976 0.99756 0
vn 0.99756 -0.06976 0
vn 0.99756 -0.06976 0
vn 0.99756 -0.06976 0
vn 0.99756 -0.06976 0
vn -0.06976 -0.99756 0
vn -0.06976 -0.99756 0
vn -0.06976 -0.99756 0
vn -0.06976 -0.99756 0
vn -0.99756 0.06976 0
vn -0.99756 0.06975 0
vn -0.99756 0.06976 0
vn -0.99756 0.06975 0
usemtl mat13
f 501//501 502//502 503//503
f 501//501 503//503 504//504
f 505//505 506//506 507//507
f 505//505 507//507 508//508
f 509//509 510//510 511//511
f 509//509 511//511 512//512
f 513//513 514//514 515//515
f 513//513 515//515 516//516
f 517//517 518//518 519//519
f 518//518 520//520 519//519
f 521//521 522//522 523//523
f 522//522 524//524 523//523
f 525//525 526//526 527//527
f 526//526 528//528 527//527
f 529//529 530//530 531//531
f 530//530 532//532 531//531
f 533//533 534//534 535//535
f 533//533 535//535 536//536
f 537//537 538//538 539//539
f 537//537 539//539 540//540
f 541//541 542//542 543//543
f 541//541 543//543 544//544
f 545//545 546//546 547//547
f 545//545 547//547 548//548
f 549//549 550//550 551//551
f 549//549 551//551 552//552
f 553//553 554//554 555//555
f 553//553 555//555 556//556
f 557//557 558//558 559//559
f 557//557 559//559 560//560
f 561//561 562//562 563//563
f 561//561 563//563 564//564
f 565//565 566//566 567//567
f 567//567 568//568 565//565
f 569//569 570//570 571//571
f 572//572 570//570 569//569
f 573//573 574//574 575//575
f 576//576 574//574 573//573
f 577//577 578//578 579//579
f 580//580 578//578 577//577
f 581//581 582//582 583//583
f 584//584 582//582 581//581
f 585//585 586//586 587//587
f 588//588 586//586 585//585
# Vertices: 88, normals: 88, texture coordinates: 0, faces: 44

o obj15
v 2.28292131 -6.28656721 -0.90840334
v 2.26622915 -6.52524948 -0.90840334
v 2.26622915 -6.525249 2.04775023
v 2.28292131 -6.28656673 2.04775023
v 2.44253159 -6.29772902 2.04775023
v 2.42583919 -6.53641129 2.04775023
v 2.44253159 -6.29772949 -0.90840334
v 2.42583919 -6.53641176 -0.90840334
v 2.28292131 -6.28656673 2.04775023
v 2.26622915 -6.525249 2.04775023
v 2.42583919 -6.53641129 2.04775023
v 2.44253159 -6.29772902 2.04775023
v 2.26622915 -6.52524948 -0.90840334
v 2.28292131 -6.28656721 -0.90840334
v 2.44253159 -6.29772949 -0.90840334
v 2.42583919 -6.53641176 -0.90840334
v 2.26622915 -6.525249 2.04775023
v 2.26622915 -6.52524948 -0.90840334
v 2.42583919 -6.53641176 -0.90840334
v 2.42583919 -6.53641129 2.04775023
v 2.28292131 -6.28656721 -0.90840334
v 2.28292131 -6.28656673 2.04775023
v 2.44253159 -6.29772902 2.04775023
v 2.44253159 -6.29772949 -0.90840334
v 2.26622915 -6.52524948 -0.90840334
v 2.42583919 -6.53641176 -0.90840334
v 2.41467714 -6.69602108 -0.90840334
v 2.25506735 -6.68485975 -0.90840334
v 2.26622915 -6.525249 2.04775023
v 2.41467714 -6.69602108 2.04775023
v 2.42583919 -6.53641129 2.04775023
v 2.25506735 -6.68485928 2.04775023
v 2.26622915 -6.52524948 -0.90840334
v 2.42583919 -6.53641129 2.04775023
v 2.42583919 -6.53641176 -0.90840334
v 2.26622915 -6.525249 2.04775023
v 2.42583919 -6.53641176 -0.90840334
v 2.41467714 -6.69602108 2.04775023
v 2.41467714 -6.69602108 -0.90840334
v 2.42583919 -6.53641129 2.04775023
v 2.41467714 -6.69602108 -0.90840334
v 2.25506735 -6.68485928 2.04775023
v 2.25506735 -6.68485975 -0.90840334
v 2.41467714 -6.69602108 2.04775023
v 2.25506735 -6.68485975 -0.90840334
v 2.26622915 -6.525249 2.04775023
v 2.26622915 -6.52524948 -0.90840334
v 2.25506735 -6.68485928 2.04775023
vn -0.99756 0.06976 -0
vn -0.99756 0.06976 -0
vn -0.99756 0.06976 -0
vn -0.99756 0.06976 -0
vn 0.99756 -0.06976 0
vn 0.99756 -0.06976 0
vn 0.99756 -0.06977 0
vn 0.99756 -0.06977 0
vn -0 0 1
vn 0 0 1
vn -0 0 1
vn -0 0 1
vn -0 0 -1
vn -0 0 -1
vn -0 0 -1
vn 0 0 -1
vn -0.06976 -0.99756 0
vn -0.06976 -0.99756 0
vn -0.06976 -0.99756 0
vn -0.06976 -0.99756 0
vn 0.06976 0.99756 -0
vn 0.06976 0.99756 0
vn 0.06976 0.99756 -0
vn 0.06976 0.99756 -0
vn 0 0 -1
vn 0 0 -1
vn 0 0 -1
vn 0 0 -1
vn -0 0 1
vn -0 0 1
vn -0 0 1
vn 0 0 1
vn 0.06976 0.99756 0
vn 0.06976 0.99756 0
vn 0.06976 0.99756 0
vn 0.06976 0.99756 0
vn 0.99756 -0.06976 0
vn 0.99756 -0.06977 0
vn 0.99756 -0.06976 0
vn 0.99756 -0.06977 0
vn -0.06976 -0.99756 0
vn -0.06976 -0.99756 0
vn -0.06976 -0.99756 0
vn -0.06976 -0.99756 0
vn -0.99756 0.06976 -0
vn -0.99756 0.06976 -0
vn -0.99756 0.06976 -0
vn -0.99756 0.06976 0
usemtl mat14
f 589//589 590//590 591//591
f 589//589 591//591 592//592
f 593//593 594//594 595//595
f 594//594 596//596 595//595
f 597//597 598//598 599//599
f 597//597 599//599 600//600
f 601//601 602//602 603//603
f 601//601 603//603 604//604
f 605//605 606//606 607//607
f 605//605 607//607 608//608
f 609//609 610//610 611//611
f 609//609 611//611 612//612
f 613//613 614//614 615//615
f 615//615 616//616 613//613
f 617//617 618//618 619//619
f 620//620 618//618 617//617
f 621//621 622//622 623//623
f 624//624 622//622 621//621
f 625//625 626//626 627//627
f 628//628 626//626 625//625
f 629//629 630//630 631//631
f 632//632 630//630 629//629
f 633//633 634//634 635//635
f 636//636 634//634 633//633
# Vertices: 48, normals: 48, texture coordinates: 0, faces: 24

o obj16
v 6.613729 -2.70045924 -0.90840364
v 6.77027369 -2.71140671 -0.90840364
v 6.77027369 -2.71140647 2.04775
v 6.613729 -2.700459 2.04775
v 6.6248908 -2.54084897 2.04775
v 6.78143549 -2.5517962 2.04775
v 6.6248908 -2.54084921 -0.90840364
v 6.78143549 -2.55179644 -0.90840364
v 6.613729 -2.700459 2.04775
v 6.77027369 -2.71140647 2.04775
v 6.78143549 -2.5517962 2.04775
v 6.6248908 -2.54084897 2.04775
v 6.77027369 -2.71140671 -0.90840364
v 6.613729 -2.70045924 -0.90840364
v 6.6248908 -2.54084921 -0.90840364
v 6.78143549 -2.55179644 -0.90840364
v 6.77027369 -2.71140647 2.04775
v 6.77027369 -2.71140671 -0.90840364
v 6.78143549 -2.55179644 -0.90840364
v 6.78143549 -2.5517962 2.04775
v 6.613729 -2.70045924 -0.90840364
v 6.613729 -2.700459 2.04775
v 6.6248908 -2.54084897 2.04775
v 6.6248908 -2.54084921 -0.90840364
v 6.77027369 -2.71140695 -0.90840364
v 6.78143549 -2.55179667 -0.90840364
v 6.94104576 -2.56295824 -0.90840364
v 6.92988396 -2.72256875 -0.90840364
v 6.77027369 -2.71140671 2.04775
v 6.94104576 -2.562958 2.04775
v 6.78143549 -2.55179644 2.04775
v 6.92988396 -2.72256851 2.04775
v 6.77027369 -2.71140695 -0.90840364
v 6.78143549 -2.55179644 2.04775
v 6.78143549 -2.55179667 -0.90840364
v 6.77027369 -2.71140671 2.04775
v 6.78143549 -2.55179667 -0.90840364
v 6.94104576 -2.562958 2.04775
v 6.94104576 -2.56295824 -0.90840364
v 6.78143549 -2.55179644 2.04775
v 6.94104576 -2.56295824 -0.90840364
v 6.92988396 -2.72256851 2.04775
v 6.92988396 -2.72256875 -0.90840364
v 6.94104576 -2.562958 2.04775
v 6.92988396 -2.72256875 -0.90840364
v 6.77027369 -2.71140671 2.04775
v 6.77027369 -2.71140695 -0.90840364
v 6.92988396 -2.72256851 2.04775
vn -0.06976 -0.99756 0
vn -0.06976 -0.99756 0
vn -0.06976 -0.99756 0
vn -0.06976 -0.99756 0
vn 0.06976 0.99756 -0
vn 0.06976 0.99756 -0
vn 0.06976 0.99756 -0
vn 0.06976 0.99756 0
vn 0 0 1
vn 0 0 1
vn 0 0 1
vn 0 0 1
vn 0 0 -1
vn 0 0 -1
vn 0 0 -1
vn -0 0 -1
vn 0.99756 -0.06976 0
vn 0.99756 -0.06976 0
vn 0.99756 -0.06976 0
vn 0.99756 -0.06976 0
vn -0.99756 0.06976 0
vn -0.99756 0.06976 0
vn -0.99756 0.06976 0
vn -0.99756 0.06976 0
vn -0 0 -1
vn 0 0 -1
vn -0 0 -1
vn -0 0 -1
vn -0 0 1
vn -0 0 1
vn -0 0 1
vn 0 0 1
vn -0.99756 0.06976 -0
vn -0.99756 0.06976 -0
vn -0.99756 0.06976 0
vn -0.99756 0.06976 -0
vn 0.06976 0.99756 0
vn 0.06976 0.99756 0
vn 0.06976 0.99756 0
vn 0.06976 0.99756 0
vn 0.99756 -0.06976 0
vn 0.99756 -0.06976 0
vn 0.99756 -0.06976 0
vn 0.99756 -0.06976 0
vn -0.06976 -0.99756 0
vn -0.06976 -0.99756 0
vn -0.06976 -0.99756 0
vn -0.06976 -0.99756 0
usemtl mat15
f 637//637 638//638 639//639
f 637//637 639//639 640//640
f 641//641 642//642 643//643
f 642//642 644//644 643//643
f 645//645 646//646 647//647
f 645//645 647//647 648//648
f 649//649 650//650 651//651
f 649//649 651//651 652//652
f 653//653 654//654 655//655
f 653//653 655//655 656//656
f 657//657 658//658 659//659
f 657//657 659//659 660//660
f 661//661 662//662 663//663
f 663//663 664//664 661//661
f 665//665 666//666 667//667
f 668//668 666//666 665//665
f 669//669 670//670 671//671
f 672//672 670//670 669//669
f 673//673 674//674 675//675
f 676//676 674//674 673//673
f 677//677 678//678 679//679
f 680//680 678//678 677//677
f 681//681 682//682 683//683
f 684//684 682//682 681//681
# Vertices: 48, normals: 48, texture coordinates: 0, faces: 24

o obj17
v 6.85555935 -2.15968251 -0.90840364
v 6.65254021 -2.14548492 -0.90840364
v 6.65254021 -2.14548469 2.04775
v 6.85555935 -2.15968227 2.04775
v 6.84439754 -2.31929255 2.04775
v 6.64137793 -2.30509496 2.04775
v 6.84439754 -2.31929278 -0.90840364
v 6.64137793 -2.3050952 -0.90840364
v 6.85555935 -2.15968227 2.04775
v 6.65254021 -2.14548469 2.04775
v 6.64137793 -2.30509496 2.04775
v 6.84439754 -2.31929255 2.04775
v 6.65254021 -2.14548492 -0.90840364
v 6.85555935 -2.15968251 -0.90840364
v 6.84439754 -2.31929278 -0.90840364
v 6.64137793 -2.3050952 -0.90840364
v 6.65254021 -2.14548469 2.04775
v 6.65254021 -2.14548492 -0.90840364
v 6.64137793 -2.3050952 -0.90840364
v 6.64137793 -2.30509496 2.04775
v 6.85555935 -2.15968251 -0.90840364
v 6.85555935 -2.15968227 2.04775
v 6.84439754 -2.31929255 2.04775
v 6.84439754 -2.31929278 -0.90840364
vn 0.06976 0.99756 0
vn 0.06976 0.99756 0
vn 0.06976 0.99756 0
vn 0.06976 0.99756 0
vn -0.06976 -0.99756 0
vn -0.06976 -0.99756 0
vn -0.06976 -0.99756 0
vn -0.06976 -0.99756 0
vn -0 0 1
vn -0 0 1
vn -0 0 1
vn 0 0 1
vn 0 0 -1
vn 0 0 -1
vn 0 0 -1
vn -0 0 -1
vn -0.99756 0.06977 -0
vn -0.99756 0.06976 -0
vn -0.99756 0.06976 -0
vn -0.99756 0.06977 0
vn 0.99756 -0.06976 0
vn 0.99756 -0.06976 0
vn 0.99756 -0.06976 0
vn 0.99756 -0.06976 0
usemtl mat16
f 685//685 686//686 687//687
f 685//685 687//687 688//688
f 689//689 690//690 691//691
f 690//690 692//692 691//691
f 693//693 694//694 695//695
f 693//693 695//695 696//696
f 697//697 698//698 699//699
f 697//697 699//699 700//700
f 701//701 702//702 703//703
f 701//701 703//703 704//704
f 705//705 706//706 707//707
f 705//705 707//707 708//708
# Vertices: 24, normals: 24, texture coordinates: 0, faces: 12

o obj18
v 6.23287344 -6.66509533 -0.90840328
v 6.22117376 -6.83239365 -0.90840328
v 6.22117376 -6.83239365 2.04775047
v 6.23287344 -6.66509533 2.04775047
v 6.39248371 -6.67625713 2.04775047
v 6.38078403 -6.84355545 2.04775047
v 6.39248371 -6.67625713 -0.90840328
v 6.38078403 -6.84355545 -0.90840328
v 6.23287344 -6.66509533 2.04775047
v 6.22117376 -6.83239365 2.04775047
v 6.38078403 -6.84355545 2.04775047
v 6.39248371 -6.67625713 2.04775047
v 6.22117376 -6.83239365 -0.90840328
v 6.23287344 -6.66509533 -0.90840328
v 6.39248371 -6.67625713 -0.90840328
v 6.38078403 -6.84355545 -0.90840328
v 6.22117376 -6.83239365 2.04775047
v 6.22117376 -6.83239365 -0.90840328
v 6.38078403 -6.84355545 -0.90840328
v 6.38078403 -6.84355545 2.04775047
v 6.23287344 -6.66509533 -0.90840328
v 6.23287344 -6.66509533 2.04775047
v 6.39248371 -6.67625713 2.04775047
v 6.39248371 -6.67625713 -0.90840328
v 6.22117329 -6.83239365 -0.90840328
v 6.38078356 -6.84355593 -0.90840328
v 6.36962175 -7.00316572 -0.90840328
v 6.21001148 -6.99200392 -0.90840328
v 6.22117329 -6.83239365 2.04775047
v 6.36962175 -7.00316572 2.04775047
v 6.38078356 -6.84355545 2.04775047
v 6.21001148 -6.99200392 2.04775047
v 6.22117329 -6.83239365 -0.90840328
v 6.38078356 -6.84355545 2.04775047
v 6.38078356 -6.84355593 -0.90840328
v 6.22117329 -6.83239365 2.04775047
v 6.38078356 -6.84355593 -0.90840328
v 6.36962175 -7.00316572 2.04775047
v 6.36962175 -7.00316572 -0.90840328
v 6.38078356 -6.84355545 2.04775047
v 6.36962175 -7.00316572 -0.90840328
v 6.21001148 -6.99200392 2.04775047
v 6.21001148 -6.99200392 -0.90840328
v 6.36962175 -7.00316572 2.04775047
v 6.21001148 -6.99200392 -0.90840328
v 6.22117329 -6.83239365 2.04775047
v 6.22117329 -6.83239365 -0.90840328
v 6.21001148 -6.99200392 2.04775047
vn -0.99756 0.06976 0
vn -0.99756 0.06976 0
vn -0.99756 0.06977 0
vn -0.99756 0.06977 0
vn 0.99756 -0.06976 0
vn 0.99756 -0.06976 0
vn 0.99756 -0.06977 0
vn 0.99756 -0.06977 0
vn -0 0 1
vn -0 0 1
vn -0 0 1
vn 0 0 1
vn 0 0 -1
vn 0 0 -1
vn 0 0 -1
vn 0 0 -1
vn -0.06976 -0.99756 0
vn -0.06976 -0.99756 0
vn -0.06976 -0.99756 0
vn -0.06976 -0.99756 0
vn 0.06976 0.99756 0
vn 0.06976 0.99756 0
vn 0.06976 0.99756 0
vn 0.06976 0.99756 0
vn 0 0 -1
vn 0 0 -1
vn 0 0 -1
vn 0 0 -1
vn 0 0 1
vn 0 0 1
vn 0 0 1
vn 0 0 1
vn 0.06976 0.99756 0
vn 0.06976 0.99756 0
vn 0.06976 0.99756 0
vn 0.06976 0.99756 0
vn 0.99756 -0.06976 0
vn 0.99756 -0.06976 0
vn 0.99756 -0.06976 0
vn 0.99756 -0.06976 0
vn -0.06976 -0.99756 0
vn -0.06976 -0.99756 0
vn -0.06976 -0.99756 0
vn -0.06976 -0.99756 0
vn -0.99756 0.06976 0
vn -0.99756 0.06976 0
vn -0.99756 0.06976 0
vn -0.99756 0.06976 0
usemtl mat17
f 709//709 710//710 711//711
f 709//709 711//711 712//712
f 713//713 714//714 715//715
f 714//714 716//716 715//715
f 717//717 718//718 719//719
f 717//717 719//719 720//720
f 721//721 722//722 723//723
f 721//721 723//723 724//724
f 725//725 726//726 727//727
f 725//725 727//727 728//728
f 729//729 730//730 731//731
f 729//729 731//731 732//732
f 733//733 734//734 735//735
f 735//735 736//736 733//733
f 737//737 738//738 739//739
f 740//740 738//738 737//737
f 741//741 742//742 743//743
f 744//744 742//742 741//741
f 745//745 746//746 747//747
f 748//748 746//746 745//745
f 749//749 750//750 751//751
f 752//752 750//750 749//749
f 753//753 754//754 755//755
f 756//756 754//754 753//753
# Vertices: 48, normals: 48, texture coordinates: 0, faces: 24

o obj19
v -0.71786219 2.34330988 -0.90840399
v -0.5275256 2.32999969 -0.90840399
v -0.5275256 2.32999992 2.04774952
v -0.71786219 2.34331012 2.04774952
v -0.70670056 2.50292039 2.04774952
v -0.51636398 2.48960996 2.04774952
v -0.70670056 2.50292015 -0.90840399
v -0.51636398 2.48960972 -0.90840399
v -0.71786219 2.34331012 2.04774952
v -0.5275256 2.32999992 2.04774952
v -0.51636398 2.48960996 2.04774952
v -0.70670056 2.50292039 2.04774952
v -0.5275256 2.32999969 -0.90840399
v -0.71786219 2.34330988 -0.90840399
v -0.70670056 2.50292015 -0.90840399
v -0.51636398 2.48960972 -0.90840399
v -0.5275256 2.32999992 2.04774952
v -0.5275256 2.32999969 -0.90840399
v -0.51636398 2.48960972 -0.90840399
v -0.51636398 2.48960996 2.04774952
v -0.71786219 2.34330988 -0.90840399
v -0.71786219 2.34331012 2.04774952
v -0.70670056 2.50292039 2.04774952
v -0.70670056 2.50292015 -0.90840399
vn -0.06976 -0.99756 0
vn -0.06976 -0.99756 0
vn -0.06976 -0.99756 0
vn -0.06976 -0.99756 0
vn 0.06976 0.99756 -0
vn 0.06976 0.99756 -0
vn 0.06976 0.99756 -0
vn 0.06976 0.99756 0
vn 0 0 1
vn 0 0 1
vn 0 0 1
vn -0 0 1
vn 0 0 -1
vn 0 0 -1
vn 0 0 -1
vn -0 0 -1
vn 0.99756 -0.06976 0
vn 0.99756 -0.06976 0
vn 0.99756 -0.06976 0
vn 0.99756 -0.06976 0
vn -0.99756 0.06976 -0
vn -0.99756 0.06976 0
vn -0.99756 0.06976 -0
vn -0.99756 0.06976 -0
usemtl mat18
f 757//757 758//758 759//759
f 757//757 759//759 760//760
f 761//761 762//762 763//763
f 762//762 764//764 763//763
f 765//765 766//766 767//767
f 765//765 767//767 768//768
f 769//769 770//770 771//771
f 769//769 771//771 772//772
f 773//773 774//774 775//775
f 773//773 775//775 776//776
f 777//777 778//778 779//779
f 777//777 779//779 780//780
# Vertices: 24, normals: 24, texture coordinates: 0, faces: 12

o obj20
v -0.80791754 -1.56555963 -0.90840369
v -0.99032336 -1.55280375 -0.90840369
v -0.99032336 -1.55280352 2.04775
v -0.80791754 -1.56555939 2.04775
v -0.81907928 -1.72516966 2.04775
v -1.00148523 -1.71241367 2.04775
v -0.81907928 -1.7251699 -0.90840369
v -1.00148523 -1.71241391 -0.90840369
v -0.80791754 -1.56555939 2.04775
v -0.99032336 -1.55280352 2.04775
v -1.00148523 -1.71241367 2.04775
v -0.81907928 -1.72516966 2.04775
v -0.99032336 -1.55280375 -0.90840369
v -0.80791754 -1.56555963 -0.90840369
v -0.81907928 -1.7251699 -0.90840369
v -1.00148523 -1.71241391 -0.90840369
v -0.99032336 -1.55280352 2.04775
v -0.99032336 -1.55280375 -0.90840369
v -1.00148523 -1.71241391 -0.90840369
v -1.00148523 -1.71241367 2.04775
v -0.80791754 -1.56555963 -0.90840369
v -0.80791754 -1.56555939 2.04775
v -0.81907928 -1.72516966 2.04775
v -0.81907928 -1.7251699 -0.90840369
v -0.99032336 -1.55280375 -0.90840369
v -1.00148511 -1.71241391 -0.90840369
v -1.16109538 -1.7012521 -0.90840369
v -1.14993358 -1.54164195 -0.90840369
v -0.99032336 -1.55280352 2.04775
v -1.16109538 -1.70125186 2.04775
v -1.00148511 -1.71241367 2.04775
v -1.14993358 -1.54164171 2.04775
v -0.99032336 -1.55280375 -0.90840369
v -1.00148511 -1.71241367 2.04775
v -1.00148511 -1.71241391 -0.90840369
v -0.99032336 -1.55280352 2.04775
v -1.00148511 -1.71241391 -0.90840369
v -1.16109538 -1.70125186 2.04775
v -1.16109538 -1.7012521 -0.90840369
v -1.00148511 -1.71241367 2.04775
v -1.16109538 -1.7012521 -0.90840369
v -1.14993358 -1.54164171 2.04775
v -1.14993358 -1.54164195 -0.90840369
v -1.16109538 -1.70125186 2.04775
v -1.14993358 -1.54164195 -0.90840369
v -0.99032336 -1.55280352 2.04775
v -0.99032336 -1.55280375 -0.90840369
v -1.14993358 -1.54164171 2.04775
vn 0.06976 0.99756 -0
vn 0.06976 0.99756 -0
vn 0.06976 0.99756 -0
vn 0.06976 0.99756 -0
vn -0.06976 -0.99756 0
vn -0.06976 -0.99756 0
vn -0.06976 -0.99756 0
vn -0.06976 -0.99756 0
vn -0 0 1
vn 0 0 1
vn -0 0 1
vn -0 0 1
vn 0 0 -1
vn -0 0 -1
vn -0 0 -1
vn 0 0 -1
vn -0.99756 0.06976 -0
vn -0.99756 0.06976 -0
vn -0.99756 0.06976 -0
vn -0.99756 0.06976 0
vn 0.99756 -0.06976 0
vn 0.99756 -0.06976 0
vn 0.99756 -0.06976 0
vn 0.99756 -0.06976 0
vn -0 0 -1
vn -0 0 -1
vn 0 0 -1
vn 0 0 -1
vn -0 0 1
vn -0 0 1
vn 0 0 1
vn -0 0 1
vn 0.99756 -0.06976 0
vn 0.99756 -0.06976 0
vn 0.99756 -0.06976 0
vn 0.99756 -0.06976 0
vn -0.06976 -0.99756 0
vn -0.06976 -0.99756 0
vn -0.06976 -0.99756 0
vn -0.06976 -0.99756 0
vn -0.99756 0.06976 -0
vn -0.99756 0.06976 -0
vn -0.99756 0.06976 -0
vn -0.99756 0.06976 0
vn 0.06976 0.99756 -0
vn 0.06976 0.99756 -0
vn 0.06976 0.99756 -0
vn 0.06976 0.99756 -0
usemtl mat19
f 781//781 782//782 783//783
f 781//781 783//783 784//784
f 785//785 786//786 787//787
f 786//786 788//788 787//787
f 789//789 790//790 791//791
f 789//789 791//791 792//792
f 793//793 794//794 795//795
f 793//793 795//795 796//796
f 797//797 798//798 799//799
f 797//797 799//799 800//800
f 801//801 802//802 803//803
f 801//801 803//803 804//804
f 805//805 806//806 807//807
f 807//807 808//808 805//805
f 809//809 810//810 811//811
f 812//812 810//810 809//809
f 813//813 814//814 815//815
f 816//816 814//814 813//813
f 817//817 818//818 819//819
f 820//820 818//818 817//817
f 821//821 822//822 823//823
f 824//824 822//822 821//821
f 825//825 826//826 827//827
f 828//828 826//826 825//825
# Vertices: 48, normals: 48, texture coordinates: 0, faces: 24

o obj21
v 2.8982873 2.11164784 -0.90840399
v 3.64584112 2.05937004 -0.90840399
v 3.64584112 2.05937028 2.04774952
v 2.8982873 2.11164808 2.04774952
v 2.9094491 2.27125812 2.04774952
v 3.65700293 2.21898055 2.04774952
v 2.9094491 2.27125788 -0.90840399
v 3.65700293 2.21898031 -0.90840399
v 2.8982873 2.11164808 2.04774952
v 3.64584112 2.05937028 2.04774952
v 3.65700293 2.21898055 2.04774952
v 2.9094491 2.27125812 2.04774952
v 3.64584112 2.05937004 -0.90840399
v 2.8982873 2.11164784 -0.90840399
v 2.9094491 2.27125788 -0.90840399
v 3.65700293 2.21898031 -0.90840399
v 3.64584112 2.05937028 2.04774952
v 3.64584112 2.05937004 -0.90840399
v 3.65700293 2.21898031 -0.90840399
v 3.65700293 2.21898055 2.04774952
v 2.8982873 2.11164784 -0.90840399
v 2.8982873 2.11164808 2.04774952
v 2.9094491 2.27125812 2.04774952
v 2.9094491 2.27125788 -0.90840399
vn -0.06976 -0.99756 0
vn -0.06976 -0.99756 0
vn -0.06976 -0.99756 0
vn -0.06976 -0.99756 0
vn 0.06976 0.99756 -0
vn 0.06976 0.99756 -0
vn 0.06976 0.99756 -0
vn 0.06976 0.99756 0
vn -0 0 1
vn 0 0 1
vn -0 0 1
vn -0 0 1
vn 0 0 -1
vn -0 0 -1
vn -0 0 -1
vn 0 0 -1
vn 0.99756 -0.06976 0
vn 0.99756 -0.06976 0
vn 0.99756 -0.06976 0
vn 0.99756 -0.06976 0
vn -0.99756 0.06976 0
vn -0.99756 0.06976 0
vn -0.99756 0.06976 0
vn -0.99756 0.06976 0
usemtl mat20
f 829//829 830//830 831//831
f 829//829 831//831 832//832
f 833//833 834//834 835//835
f 834//834 836//836 835//835
f 837//837 838//838 839//839
f 837//837 839//839 840//840
f 841//841 842//842 843//843
f 841//841 843//843 844//844
f 845//845 846//846 847//847
f 845//845 847//847 848//848
f 849//849 850//850 851//851
f 849//849 851//851 852//852
# Vertices: 24, normals: 24, texture coordinates: 0, faces: 12

o obj22
v 2.78427887 -6.32162809 -0.90840334
v 2.28292084 -6.28656721 -0.90840334
v 2.28292084 -6.28656721 2.04775023
v 2.78427887 -6.32162809 2.04775023
v 2.77311683 -6.48123837 2.04775023
v 2.27175903 -6.44617701 2.04775023
v 2.77311683 -6.48123837 -0.90840334
v 2.27175903 -6.44617748 -0.90840334
v 2.78427887 -6.32162809 2.04775023
v 2.28292084 -6.28656721 2.04775023
v 2.27175903 -6.44617701 2.04775023
v 2.77311683 -6.48123837 2.04775023
v 2.28292084 -6.28656721 -0.90840334
v 2.78427887 -6.32162809 -0.90840334
v 2.77311683 -6.48123837 -0.90840334
v 2.27175903 -6.44617748 -0.90840334
v 2.28292084 -6.28656721 2.04775023
v 2.28292084 -6.28656721 -0.90840334
v 2.27175903 -6.44617748 -0.90840334
v 2.27175903 -6.44617701 2.04775023
v 2.78427887 -6.32162809 -0.90840334
v 2.78427887 -6.32162809 2.04775023
v 2.77311683 -6.48123837 2.04775023
v 2.77311683 -6.48123837 -0.90840334
vn 0.06976 0.99756 0
vn 0.06976 0.99756 0
vn 0.06976 0.99756 0
vn 0.06976 0.99756 0
vn -0.06976 -0.99756 0
vn -0.06976 -0.99756 0
vn -0.06976 -0.99756 0
vn -0.06976 -0.99756 0
vn -0 0 1
vn 0 0 1
vn -0 0 1
vn -0 0 1
vn -0 0 -1
vn 0 0 -1
vn -0 0 -1
vn -0 0 -1
vn -0.99756 0.06976 0
vn -0.99756 0.06976 0
vn -0.99756 0.06976 0
vn -0.99756 0.06976 0
vn 0.99756 -0.06976 0
vn 0.99756 -0.06976 0
vn 0.99756 -0.06976 0
vn 0.99756 -0.06976 0
usemtl mat21
f 853//853 854//854 855//855
f 853//853 855//855 856//856
f 857//857 858//858 859//859
f 858//858 860//860 859//859
f 861//861 862//862 863//863
f 861//861 863//863 864//864
f 865//865 866//866 867//867
f 865//865 867//867 868//868
f 869//869 870//870 871//871
f 869//869 871//871 872//872
f 873//873 874//874 875//875
f 873//873 875//875 876//876
# Vertices: 24, normals: 24, texture coordinates: 0, faces: 12

o obj23
v 7.05090475 1.98021793 -0.90840393
v 7.13876963 1.69086909 -0.90840393
v 7.13876963 1.69086933 2.04774976
v 7.05090475 1.98021817 2.04774976
v 7.20400143 2.02670836 2.04774976
v 7.29186678 1.73735952 2.04774976
v 7.20400143 2.02670813 -0.90840393
v 7.29186678 1.73735929 -0.90840393
v 7.05090475 1.98021817 2.04774976
v 7.13876963 1.69086933 2.04774976
v 7.29186678 1.73735952 2.04774976
v 7.20400143 2.02670836 2.04774976
v 7.13876963 1.69086909 -0.90840393
v 7.05090475 1.98021793 -0.90840393
v 7.20400143 2.02670813 -0.90840393
v 7.29186678 1.73735929 -0.90840393
v 7.13876963 1.69086933 2.04774976
v 7.13876963 1.69086909 -0.90840393
v 7.29186678 1.73735929 -0.90840393
v 7.29186678 1.73735952 2.04774976
v 7.05090475 1.98021793 -0.90840393
v 7.05090475 1.98021817 2.04774976
v 7.20400143 2.02670836 2.04774976
v 7.20400143 2.02670813 -0.90840393
v 7.13876963 1.69086909 -0.90840393
v 7.29186678 1.73735917 -0.90840393
v 7.30052423 1.7088486 -0.90840393
v 7.29833889 1.6791327 -0.90840393
v 7.13876963 1.69086933 2.04774976
v 7.30052423 1.70884883 2.04774976
v 7.29186678 1.7373594 2.04774976
v 7.29833889 1.67913294 2.04774976
v 7.13876963 1.69086909 -0.90840393
v 7.29186678 1.7373594 2.04774976
v 7.29186678 1.73735917 -0.90840393
v 7.13876963 1.69086933 2.04774976
v 7.29186678 1.73735917 -0.90840393
v 7.30052423 1.70884883 2.04774976
v 7.30052423 1.7088486 -0.90840393
v 7.29186678 1.7373594 2.04774976
v 7.30052423 1.7088486 -0.90840393
v 7.29833889 1.67913294 2.04774976
v 7.29833889 1.6791327 -0.90840393
v 7.30052423 1.70884883 2.04774976
v 7.29833889 1.6791327 -0.90840393
v 7.13876963 1.69086933 2.04774976
v 7.13876963 1.69086909 -0.90840393
v 7.29833889 1.67913294 2.04774976
vn -0.95686 -0.29056 0
vn -0.95686 -0.29056 0
vn -0.95686 -0.29056 0
vn -0.95686 -0.29056 0
vn 0.95685 0.29057 -0
vn 0.95685 0.29057 -0
vn 0.95686 0.29056 -0
vn 0.95686 0.29056 0
vn 0 0 1
vn 0 0 1
vn 0 0 1
vn 0 0 1
vn 0 0 -1
vn 0 0 -1
vn 0 0 -1
vn 0 0 -1
vn 0.29056 -0.95686 0
vn 0.29056 -0.95686 0
vn 0.29056 -0.95686 0
vn 0.29057 -0.95686 0
vn -0.29056 0.95686 -0
vn -0.29057 0.95686 0
vn -0.29056 0.95686 -0
vn -0.29056 0.95686 -0
vn 0 0 -1
vn 0 0 -1
vn 0 0 -1
vn 0 0 -1
vn 0 0 1
vn 0 0 1
vn 0 0 1
vn 0 0 1
vn -0.29056 0.95686 -0
vn -0.29056 0.95686 -0
vn -0.29056 0.95686 0
vn -0.29056 0.95686 -0
vn 0.95686 0.29056 -0
vn 0.95686 0.29056 -0
vn 0.95686 0.29056 -0
vn 0.95686 0.29056 -0
vn 0.99731 -0.07336 0
vn 0.99731 -0.07332 0
vn 0.99731 -0.07336 0
vn 0.99731 -0.07332 0
vn -0.07335 -0.99731 0
vn -0.07335 -0.99731 0
vn -0.07335 -0.99731 0
vn -0.07335 -0.99731 0
usemtl mat22
f 877//877 878//878 879//879
f 877//877 879//879 880//880
f 881//881 882//882 883//883
f 882//882 884//884 883//883
f 885//885 886//886 887//887
f 885//885 887//887 888//888
f 889//889 890//890 891//891
f 889//889 891//891 892//892
f 893//893 894//894 895//895
f 893//893 895//895 896//896
f 897//897 898//898 899//899
f 897//897 899//899 900//900
f 901//901 902//902 903//903
f 903//903 904//904 901//901
f 905//905 906//906 907//907
f 908//908 906//906 905//905
f 909//909 910//910 911//911
f 912//912 910//910 909//909
f 913//913 914//914 915//915
f 916//916 914//914 913//913
f 917//917 918//918 919//919
f 920//920 918//918 917//917
f 921//921 922//922 923//923
f 924//924 922//922 921//921
# Vertices: 48, normals: 48, texture coordinates: 0, faces: 24

o obj24
v 2.76545954 -6.59073067 -0.90840334
v 2.78427887 -6.32162809 -0.90840334
v 2.78427887 -6.32162762 2.04775023
v 2.76545954 -6.59073019 2.04775023
v 2.6058495 -6.57956791 2.04775023
v 2.6246686 -6.31046581 2.04775023
v 2.6058495 -6.57956839 -0.90840334
v 2.6246686 -6.31046581 -0.90840334
v 2.76545954 -6.59073019 2.04775023
v 2.78427887 -6.32162762 2.04775023
v 2.6246686 -6.31046581 2.04775023
v 2.6058495 -6.57956791 2.04775023
v 2.78427887 -6.32162809 -0.90840334
v 2.76545954 -6.59073067 -0.90840334
v 2.6058495 -6.57956839 -0.90840334
v 2.6246686 -6.31046581 -0.90840334
v 2.78427887 -6.32162762 2.04775023
v 2.78427887 -6.32162809 -0.90840334
v 2.6246686 -6.31046581 -0.90840334
v 2.6246686 -6.31046581 2.04775023
v 2.76545954 -6.59073067 -0.90840334
v 2.76545954 -6.59073019 2.04775023
v 2.6058495 -6.57956791 2.04775023
v 2.6058495 -6.57956839 -0.90840334
vn 0.99756 -0.06976 0
vn 0.99756 -0.06976 0
vn 0.99756 -0.06976 0
vn 0.99756 -0.06976 0
vn -0.99756 0.06976 0
vn -0.99756 0.06976 0
vn -0.99756 0.06976 0
vn -0.99756 0.06976 0
vn 0 0 1
vn 0 0 1
vn 0 0 1
vn 0 0 1
vn 0 0 -1
vn 0 0 -1
vn 0 0 -1
vn 0 0 -1
vn 0.06976 0.99756 0
vn 0.06976 0.99756 0
vn 0.06976 0.99756 0
vn 0.06976 0.99756 0
vn -0.06976 -0.99756 0
vn -0.06976 -0.99756 0
vn -0.06976 -0.99756 0
vn -0.06976 -0.99756 0
usemtl mat23
f 925//925 926//926 927//927
f 925//925 927//927 928//928
f 929//929 930//930 931//931
f 930//930 932//932 931//931
f 933//933 934//934 935//935
f 933//933 935//935 936//936
f 937//937 938//938 939//939
f 937//937 939//939 940//940
f 941//941 942//942 943//943
f 941//941 943//943 944//944
f 945//945 946//946 947//947
f 945//945 947//947 948//948
# Vertices: 24, normals: 24, texture coordinates: 0, faces: 12

o obj25
v -0.99032354 -1.55280364 -0.90840375
v -0.91551828 -0.48311168 -0.90840375
v -0.91551828 -0.48311144 2.04775
v -0.99032354 -1.5528034 2.04775
v -0.91551828 -0.48311174 -0.90840375
v -0.85591727 0.36916298 -0.90840387
v -0.85591727 0.3691631 0.7981391
v -0.91551828 -0.48311162 0.79813915
v -0.91551828 -0.48311156 1.53044474
v -0.85591727 0.36916316 1.53044462
v -0.85591727 0.36916322 2.04774976
v -0.91551828 -0.4831115 2.04775
v -0.85591727 0.36916298 -0.90840387
v -0.71786201 2.34330988 -0.90840399
v -0.71786201 2.34331012 2.04774952
v -0.85591727 0.36916322 2.04774976
v -1.01552749 0.38032502 2.04774976
v -0.87747216 2.35447192 2.04774952
v -1.01552749 0.38032478 -0.90840387
v -0.87747216 2.35447168 -0.90840399
v -1.07512844 -0.4719497 2.04775
v -1.01552749 0.38032502 2.04774976
v -1.07512844 -0.47194976 1.53044474
v -1.01552749 0.38032496 1.53044462
v -1.07512844 -0.47194982 0.79813915
v -1.01552749 0.3803249 0.7981391
v -1.07512844 -0.47194993 -0.90840375
v -1.01552749 0.38032478 -0.90840387
v -1.14993382 -1.54164159 2.04775
v -1.07512844 -0.47194964 2.04775
v -1.14993382 -1.54164183 -0.90840375
v -1.07512844 -0.47194988 -0.90840375
v -0.91551828 -0.48311162 0.79813915
v -0.85591727 0.36916316 0.7981391
v -1.01552749 0.38032493 0.7981391
v -1.07512844 -0.47194982 0.79813915
v -0.85591727 0.36916316 0.7981391
v -0.85591727 0.36916319 1.53044462
v -1.01552749 0.38032499 1.53044462
v -1.01552749 0.38032493 0.7981391
v -0.85591727 0.36916319 1.53044462
v -0.91551828 -0.48311156 1.53044474
v -1.07512844 -0.47194976 1.53044474
v -1.01552749 0.38032499 1.53044462
v -0.91551828 -0.48311156 1.53044474
v -0.91551828 -0.48311162 0.79813915
v -1.07512844 -0.47194982 0.79813915
v -1.07512844 -0.47194976 1.53044474
v -0.99032354 -1.55280352 2.04775
v -0.71786201 2.34331012 2.04774952
v -0.87747216 2.35447192 2.04774952
v -1.14993382 -1.54164171 2.04775
v -0.71786201 2.34330988 -0.90840399
v -0.99032354 -1.55280375 -0.90840375
v -1.14993382 -1.54164195 -0.90840375
v -0.87747216 2.35447168 -0.90840399
v -0.71786201 2.34331012 2.04774952
v -0.71786201 2.34330988 -0.90840399
v -0.87747216 2.35447168 -0.90840399
v -0.87747216 2.35447192 2.04774952
v -0.99032354 -1.55280375 -0.90840375
v -0.99032354 -1.55280352 2.04775
v -1.14993382 -1.54164171 2.04775
v -1.14993382 -1.54164195 -0.90840375
v -0.71786201 2.34330988 -0.90840399
v -0.87747216 2.35447168 -0.90840399
v -0.86631036 2.51408195 -0.90840399
v -0.70670027 2.50292015 -0.90840399
v -0.71786201 2.34331012 2.04774952
v -0.86631036 2.51408195 2.04774952
v -0.87747216 2.35447192 2.04774952
v -0.70670027 2.50292015 2.04774952
v -0.71786201 2.34330988 -0.90840399
v -0.87747216 2.35447192 2.04774952
v -0.87747216 2.35447168 -0.90840399
v -0.71786201 2.34331012 2.04774952
v -0.87747216 2.35447168 -0.90840399
v -0.86631036 2.51408195 2.04774952
v -0.86631036 2.51408195 -0.90840399
v -0.87747216 2.35447192 2.04774952
v -0.86631036 2.51408195 -0.90840399
v -0.70670027 2.50292015 2.04774952
v -0.70670027 2.50292015 -0.90840399
v -0.86631036 2.51408195 2.04774952
v -0.70670027 2.50292015 -0.90840399
v -0.71786201 2.34331012 2.04774952
v -0.71786201 2.34330988 -0.90840399
v -0.70670027 2.50292015 2.04774952
vn 0.99756 -0.06976 0
vn 0.99756 -0.06976 0
vn 0.99756 -0.06976 0
vn 0.99756 -0.06976 0
vn 0.99756 -0.06976 0
vn 0.99756 -0.06976 0
vn 0.99756 -0.06976 0
vn 0.99756 -0.06976 0
vn 0.99756 -0.06976 0
vn 0.99756 -0.06976 0
vn 0.99756 -0.06976 0
vn 0.99756 -0.06976 0
vn 0.99756 -0.06976 0
vn 0.99756 -0.06976 0
vn 0.99756 -0.06976 0
vn 0.99756 -0.06976 0
vn -0.99756 0.06976 -0
vn -0.99756 0.06976 -0
vn -0.99756 0.06976 -0
vn -0.99756 0.06976 -0
vn -0.99756 0.06976 -0
vn -0.99756 0.06976 -0
vn -0.99756 0.06976 -0
vn -0.99756 0.06976 -0
vn -0.99756 0.06976 -0
vn -0.99756 0.06976 -0
vn -0.99756 0.06976 -0
vn -0.99756 0.06976 -0
vn -0.99756 0.06976 -0
vn -0.99756 0.06976 -0
vn -0.99756 0.06976 -0
vn -0.99756 0.06976 -0
vn 0 0 1
vn -0 0 1
vn -0 0 1
vn 0 0 1
vn -0.06976 -0.99756 0
vn -0.06976 -0.99756 0
vn -0.06976 -0.99756 0
vn -0.06976 -0.99756 0
vn 0 -0 -1
vn -0 -0 -1
vn -0 -0 -1
vn 0 -0 -1
vn 0.06976 0.99756 -0
vn 0.06976 0.99756 -0
vn 0.06976 0.99756 -0
vn 0.06976 0.99756 -0
vn 0 0 1
vn 0 0 1
vn 0 0 1
vn 0 0 1
vn -0 -0 -1
vn -0 -0 -1
vn -0 -0 -1
vn 0 -0 -1
vn 0.06976 0.99756 -0
vn 0.06976 0.99756 0
vn 0.06976 0.99756 -0
vn 0.06976 0.99756 -0
vn -0.06976 -0.99756 0
vn -0.06976 -0.99756 0
vn -0.06976 -0.99756 0
vn -0.06976 -0.99756 0
vn 0 0 -1
vn 0 0 -1
vn 0 0 -1
vn 0 0 -1
vn 0 0 1
vn 0 0 1
vn 0 0 1
vn 0 0 1
vn -0.06976 -0.99756 0
vn -0.06976 -0.99756 0
vn -0.06976 -0.99756 0
vn -0.06976 -0.99756 0
vn -0.99756 0.06976 -0
vn -0.99756 0.06976 -0
vn -0.99756 0.06976 0
vn -0.99756 0.06976 -0
vn 0.06976 0.99756 0
vn 0.06976 0.99756 0
vn 0.06976 0.99756 0
vn 0.06976 0.99756 0
vn 0.99756 -0.06976 0
vn 0.99756 -0.06976 0
vn 0.99756 -0.06976 0
vn 0.99756 -0.06976 0
usemtl mat24
f 949//949 950//950 951//951
f 949//949 951//951 952//952
f 953//953 954//954 955//955
f 953//953 955//955 956//956
f 957//957 958//958 959//959
f 957//957 959//959 960//960
f 961//961 962//962 963//963
f 961//961 963//963 964//964
f 965//965 966//966 967//967
f 966//966 968//968 967//967
f 969//969 970//970 971//971
f 970//970 972//972 971//971
f 973//973 974//974 975//975
f 974//974 976//976 975//975
f 977//977 978//978 979//979
f 978//978 980//980 979//979
f 981//981 982//982 983//983
f 981//981 983//983 984//984
f 985//985 986//986 987//987
f 985//985 987//987 988//988
f 989//989 990//990 991//991
f 989//989 991//991 992//992
f 993//993 994//994 995//995
f 993//993 995//995 996//996
f 997//997 998//998 999//999
f 997//997 999//999 1000//1000
f 1001//1001 1002//1002 1003//1003
f 1001//1001 1003//1003 1004//1004
f 1005//1005 1006//1006 1007//1007
f 1005//1005 1007//1007 1008//1008
f 1009//1009 1010//1010 1011//1011
f 1009//1009 1011//1011 1012//1012
f 1013//1013 1014//1014 1015//1015
f 1015//1015 1016//1016 1013//1013
f 1017//1017 1018//1018 1019//1019
f 1020//1020 1018//1018 1017//1017
f 1021//1021 1022//1022 1023//1023
f 1024//1024 1022//1022 1021//1021
f 1025//1025 1026//1026 1027//1027
f 1028//1028 1026//1026 1025//1025
f 1029//1029 1030//1030 1031//1031
f 1032//1032 1030//1030 1029//1029
f 1033//1033 1034//1034 1035//1035
f 1036//1036 1034//1034 1033//1033
# Vertices: 88, normals: 88, texture coordinates: 0, faces: 44

o obj26
v 6.49251795 -6.68325233 -0.90840334
v 6.23287344 -6.66509533 -0.90840334
v 6.23287344 -6.66509533 2.04775023
v 6.49251795 -6.68325233 2.04775023
v 6.48135614 -6.84286261 2.04775023
v 6.22171164 -6.82470512 2.04775023
v 6.48135614 -6.84286261 -0.90840334
v 6.22171164 -6.8247056 -0.90840334
v 6.49251795 -6.68325233 2.04775023
v 6.23287344 -6.66509533 2.04775023
v 6.22171164 -6.82470512 2.04775023
v 6.48135614 -6.84286261 2.04775023
v 6.23287344 -6.66509533 -0.90840334
v 6.49251795 -6.68325233 -0.90840334
v 6.48135614 -6.84286261 -0.90840334
v 6.22171164 -6.8247056 -0.90840334
v 6.23287344 -6.66509533 2.04775023
v 6.23287344 -6.66509533 -0.90840334
v 6.22171164 -6.8247056 -0.90840334
v 6.22171164 -6.82470512 2.04775023
v 6.49251795 -6.68325233 -0.90840334
v 6.49251795 -6.68325233 2.04775023
v 6.48135614 -6.84286261 2.04775023
v 6.48135614 -6.84286261 -0.90840334
vn 0.06976 0.99756 0
vn 0.06976 0.99756 0
vn 0.06976 0.99756 0
vn 0.06976 0.99756 0
vn -0.06976 -0.99756 0
vn -0.06976 -0.99756 0
vn -0.06976 -0.99756 0
vn -0.06976 -0.99756 0
vn -0 0 1
vn 0 0 1
vn -0 0 1
vn -0 0 1
vn -0 0 -1
vn 0 0 -1
vn -0 0 -1
vn -0 0 -1
vn -0.99756 0.06976 -0
vn -0.99756 0.06976 0
vn -0.99756 0.06976 -0
vn -0.99756 0.06976 -0
vn 0.99756 -0.06976 0
vn 0.99756 -0.06976 0
vn 0.99756 -0.06976 0
vn 0.99756 -0.06976 0
usemtl mat25
f 1037//1037 1038//1038 1039//1039
f 1037//1037 1039//1039 1040//1040
f 1041//1041 1042//1042 1043//1043
f 1042//1042 1044//1044 1043//1043
f 1045//1045 1046//1046 1047//1047
f 1045//1045 1047//1047 1048//1048
f 1049//1049 1050//1050 1051//1051
f 1049//1049 1051//1051 1052//1052
f 1053//1053 1054//1054 1055//1055
f 1053//1053 1055//1055 1056//1056
f 1057//1057 1058//1058 1059//1059
f 1057//1057 1059//1059 1060//1060
# Vertices: 24, normals: 24, texture coordinates: 0, faces: 12

o obj27
v 2.91489983 2.34920335 -0.90840399
v 2.8982873 2.11164808 -0.90840399
v 2.8982873 2.11164832 2.04774952
v 2.91489983 2.34920359 2.04774952
v 3.0745101 2.33804178 2.04774952
v 3.05789733 2.10048652 2.04774952
v 3.0745101 2.33804154 -0.90840399
v 3.05789733 2.10048628 -0.90840399
v 2.91489983 2.34920359 2.04774952
v 2.8982873 2.11164832 2.04774952
v 3.05789733 2.10048652 2.04774952
v 3.0745101 2.33804178 2.04774952
v 2.8982873 2.11164808 -0.90840399
v 2.91489983 2.34920335 -0.90840399
v 3.0745101 2.33804154 -0.90840399
v 3.05789733 2.10048628 -0.90840399
v 2.8982873 2.11164832 2.04774952
v 2.8982873 2.11164808 -0.90840399
v 3.05789733 2.10048628 -0.90840399
v 3.05789733 2.10048652 2.04774952
v 2.91489983 2.34920335 -0.90840399
v 2.91489983 2.34920359 2.04774952
v 3.0745101 2.33804178 2.04774952
v 3.0745101 2.33804154 -0.90840399
vn -0.99756 0.06976 0
vn -0.99756 0.06976 0
vn -0.99756 0.06976 0
vn -0.99756 0.06976 0
vn 0.99756 -0.06976 0
vn 0.99756 -0.06976 0
vn 0.99756 -0.06976 0
vn 0.99756 -0.06976 0
vn -0 0 1
vn 0 0 1
vn -0 0 1
vn -0 0 1
vn -0 0 -1
vn 0 0 -1
vn -0 0 -1
vn -0 0 -1
vn -0.06976 -0.99756 0
vn -0.06976 -0.99756 0
vn -0.06976 -0.99756 0
vn -0.06976 -0.99756 0
vn 0.06976 0.99756 -0
vn 0.06976 0.99756 0
vn 0.06976 0.99756 -0
vn 0.06976 0.99756 -0
usemtl mat26
f 1061//1061 1062//1062 1063//1063
f 1061//1061 1063//1063 1064//1064
f 1065//1065 1066//1066 1067//1067
f 1066//1066 1068//1068 1067//1067
f 1069//1069 1070//1070 1071//1071
f 1069//1069 1071//1071 1072//1072
f 1073//1073 1074//1074 1075//1075
f 1073//1073 1075//1075 1076//1076
f 1077//1077 1078//1078 1079//1079
f 1077//1077 1079//1079 1080//1080
f 1081//1081 1082//1082 1083//1083
f 1081//1081 1083//1083 1084//1084
# Vertices: 24, normals: 24, texture coordinates: 0, faces: 12

o obj28
v 3.64584088 2.05937028 -0.90840399
v 3.65690398 2.21756554 -0.90840399
v 3.65690398 2.21756577 2.04774952
v 3.64584088 2.05937052 2.04774952
v 3.48623085 2.07053232 2.04774952
v 3.49729371 2.22872782 2.04774952
v 3.48623085 2.07053208 -0.90840399
v 3.49729371 2.22872758 -0.90840399
v 3.64584088 2.05937052 2.04774952
v 3.65690398 2.21756577 2.04774952
v 3.49729371 2.22872782 2.04774952
v 3.48623085 2.07053232 2.04774952
v 3.65690398 2.21756554 -0.90840399
v 3.64584088 2.05937028 -0.90840399
v 3.48623085 2.07053208 -0.90840399
v 3.49729371 2.22872758 -0.90840399
v 3.65690398 2.21756577 2.04774952
v 3.65690398 2.21756554 -0.90840399
v 3.49729371 2.22872758 -0.90840399
v 3.49729371 2.22872782 2.04774952
v 3.64584088 2.05937028 -0.90840399
v 3.64584088 2.05937052 2.04774952
v 3.48623085 2.07053232 2.04774952
v 3.48623085 2.07053208 -0.90840399
v 3.65690422 2.21756554 -0.90840399
v 3.49729395 2.22872758 -0.90840399
v 3.50845599 2.38833761 -0.90840399
v 3.66806602 2.37717581 -0.90840399
v 3.65690422 2.21756577 2.04774952
v 3.50845599 2.38833761 2.04774952
v 3.49729395 2.22872782 2.04774952
v 3.66806602 2.37717605 2.04774952
v 3.65690422 2.21756554 -0.90840399
v 3.49729395 2.22872782 2.04774952
v 3.49729395 2.22872758 -0.90840399
v 3.65690422 2.21756577 2.04774952
v 3.49729395 2.22872758 -0.90840399
v 3.50845599 2.38833761 2.04774952
v 3.50845599 2.38833761 -0.90840399
v 3.49729395 2.22872782 2.04774952
v 3.50845599 2.38833761 -0.90840399
v 3.66806602 2.37717605 2.04774952
v 3.66806602 2.37717581 -0.90840399
v 3.50845599 2.38833761 2.04774952
v 3.66806602 2.37717581 -0.90840399
v 3.65690422 2.21756577 2.04774952
v 3.65690422 2.21756554 -0.90840399
v 3.66806602 2.37717605 2.04774952
vn 0.99756 -0.06976 0
vn 0.99756 -0.06977 0
vn 0.99756 -0.06976 0
vn 0.99756 -0.06976 0
vn -0.99756 0.06976 0
vn -0.99756 0.06976 -0
vn -0.99756 0.06976 -0
vn -0.99756 0.06976 -0
vn 0 0 1
vn 0 0 1
vn 0 0 1
vn 0 0 1
vn -0 0 -1
vn -0 0 -1
vn -0 0 -1
vn 0 0 -1
vn 0.06976 0.99756 -0
vn 0.06976 0.99756 -0
vn 0.06976 0.99756 -0
vn 0.06976 0.99756 -0
vn -0.06976 -0.99756 0
vn -0.06976 -0.99756 0
vn -0.06976 -0.99756 0
vn -0.06976 -0.99756 0
vn 0 0 -1
vn 0 0 -1
vn 0 0 -1
vn 0 0 -1
vn 0 0 1
vn 0 0 1
vn 0 0 1
vn 0 0 1
vn -0.06976 -0.99756 0
vn -0.06976 -0.99756 0
vn -0.06976 -0.99756 0
vn -0.06976 -0.99756 0
vn -0.99756 0.06976 0
vn -0.99756 0.06976 0
vn -0.99756 0.06976 0
vn -0.99756 0.06976 0
vn 0.06976 0.99756 0
vn 0.06976 0.99756 0
vn 0.06976 0.99756 0
vn 0.06976 0.99756 0
vn 0.99756 -0.06976 0
vn 0.99756 -0.06976 0
vn 0.99756 -0.06976 0
vn 0.99756 -0.06976 0
usemtl mat27
f 1085//1085 1086//1086 1087//1087
f 1085//1085 1087//1087 1088//1088
f 1089//1089 1090//1090 1091//1091
f 1090//1090 1092//1092 1091//1091
f 1093//1093 1094//1094 1095//1095
f 1093//1093 1095//1095 1096//1096
f 1097//1097 1098//1098 1099//1099
f 1097//1097 1099//1099 1100//1100
f 1101//1101 1102//1102 1103//1103
f 1101//1101 1103//1103 1104//1104
f 1105//1105 1106//1106 1107//1107
f 1105//1105 1107//1107 1108//1108
f 1109//1109 1110//1110 1111//1111
f 1111//1111 1112//1112 1109//1109
f 1113//1113 1114//1114 1115//1115
f 1116//1116 1114//1114 1113//1113
f 1117//1117 1118//1118 1119//1119
f 1120//1120 1118//1118 1117//1117
f 1121//1121 1122//1122 1123//1123
f 1124//1124 1122//1122 1121//1121
f 1125//1125 1126//1126 1127//1127
f 1128//1128 1126//1126 1125//1125
f 1129//1129 1130//1130 1131//1131
f 1132//1132 1130//1130 1129//1129
# Vertices: 48, normals: 48, texture coordinates: 0, faces: 24

o obj29
v -1.20873082 -6.28224039 -0.90840334
v -1.29988682 -6.09838343 -0.90840334
v -1.29988682 -6.09838343 2.04775023
v -1.20873082 -6.28224039 2.04775023
v -1.35207927 -6.35331202 2.04775023
v -1.44323516 -6.16945505 2.04775023
v -1.35207927 -6.35331249 -0.90840334
v -1.44323516 -6.16945553 -0.90840334
v -1.20873082 -6.28224039 2.04775023
v -1.29988682 -6.09838343 2.04775023
v -1.44323516 -6.16945505 2.04775023
v -1.35207927 -6.35331202 2.04775023
v -1.29988682 -6.09838343 -0.90840334
v -1.20873082 -6.28224039 -0.90840334
v -1.35207927 -6.35331249 -0.90840334
v -1.44323516 -6.16945553 -0.90840334
v -1.29988682 -6.09838343 2.04775023
v -1.29988682 -6.09838343 -0.90840334
v -1.44323516 -6.16945553 -0.90840334
v -1.44323516 -6.16945505 2.04775023
v -1.20873082 -6.28224039 -0.90840334
v -1.20873082 -6.28224039 2.04775023
v -1.35207927 -6.35331202 2.04775023
v -1.35207927 -6.35331249 -0.90840334
v -1.29988658 -6.09838343 -0.90840334
v -1.44323504 -6.16945553 -0.90840334
v -1.46252644 -6.13054562 -0.90840334
v -1.45949674 -6.08722162 -0.90840334
v -1.29988658 -6.09838343 2.04775023
v -1.46252644 -6.13054514 2.04775023
v -1.44323504 -6.16945505 2.04775023
v -1.45949674 -6.08722162 2.04775023
v -1.29988658 -6.09838343 -0.90840334
v -1.44323504 -6.16945505 2.04775023
v -1.44323504 -6.16945553 -0.90840334
v -1.29988658 -6.09838343 2.04775023
v -1.44323504 -6.16945553 -0.90840334
v -1.46252644 -6.13054514 2.04775023
v -1.46252644 -6.13054562 -0.90840334
v -1.44323504 -6.16945505 2.04775023
v -1.46252644 -6.13054562 -0.90840334
v -1.45949674 -6.08722162 2.04775023
v -1.45949674 -6.08722162 -0.90840334
v -1.46252644 -6.13054514 2.04775023
v -1.45949674 -6.08722162 -0.90840334
v -1.29988658 -6.09838343 2.04775023
v -1.29988658 -6.09838343 -0.90840334
v -1.45949674 -6.08722162 2.04775023
vn 0.89593 0.4442 0
vn 0.89593 0.4442 0
vn 0.89593 0.4442 0
vn 0.89593 0.4442 0
vn -0.89593 -0.4442 0
vn -0.89593 -0.4442 0
vn -0.89593 -0.4442 0
vn -0.89593 -0.4442 0
vn -0 0 1
vn -0 0 1
vn -0 0 1
vn 0 0 1
vn 0 0 -1
vn -0 0 -1
vn 0 0 -1
vn 0 0 -1
vn -0.4442 0.89593 -0
vn -0.4442 0.89593 0
vn -0.4442 0.89593 -0
vn -0.4442 0.89593 -0
vn 0.4442 -0.89593 0
vn 0.4442 -0.89593 0
vn 0.4442 -0.89593 0
vn 0.4442 -0.89593 0
vn 0 0 -1
vn 0 0 -1
vn 0 0 -1
vn 0 0 -1
vn 0 0 1
vn 0 0 1
vn 0 0 1
vn 0 0 1
vn 0.4442 -0.89593 0
vn 0.4442 -0.89593 0
vn 0.4442 -0.89593 0
vn 0.4442 -0.89593 0
vn -0.89593 -0.4442 0
vn -0.89593 -0.4442 0
vn -0.89593 -0.4442 0
vn -0.89593 -0.44419 0
vn -0.99756 0.06977 -0
vn -0.99756 0.06976 -0
vn -0.99756 0.06977 0
vn -0.99756 0.06976 -0
vn 0.06976 0.99756 0
vn 0.06976 0.99756 0
vn 0.06976 0.99756 0
vn 0.06976 0.99756 0
usemtl mat28
f 1133//1133 1134//1134 1135//1135
f 1133//1133 1135//1135 1136//1136
f 1137//1137 1138//1138 1139//1139
f 1138//1138 1140//1140 1139//1139
f 1141//1141 1142//1142 1143//1143
f 1141//1141 1143//1143 1144//1144
f 1145//1145 1146//1146 1147//1147
f 1145//1145 1147//1147 1148//1148
f 1149//1149 1150//1150 1151//1151
f 1149//1149 1151//1151 1152//1152
f 1153//1153 1154//1154 1155//1155
f 1153//1153 1155//1155 1156//1156
f 1157//1157 1158//1158 1159//1159
f 1159//1159 1160//1160 1157//1157
f 1161//1161 1162//1162 1163//1163
f 1164//1164 1162//1162 1161//1161
f 1165//1165 1166//1166 1167//1167
f 1168//1168 1166//1166 1165//1165
f 1169//1169 1170//1170 1171//1171
f 1172//1172 1170//1170 1169//1169
f 1173//1173 1174//1174 1175//1175
f 1176//1176 1174//1174 1173//1173
f 1177//1177 1178//1178 1179//1179
f 1180//1180 1178//1178 1177//1177
# Vertices: 48, normals: 48, texture coordinates: 0, faces: 24

o obj30
v -1.01782119 -2.06493211 -0.90840364
v -0.84369093 -2.07710934 -0.90840364
v -0.84369093 -2.0771091 2.04775
v -1.01782119 -2.06493187 2.04775
v -1.00665939 -1.90532172 2.04775
v -0.83252919 -1.91749883 2.04775
v -1.00665939 -1.90532196 -0.90840364
v -0.83252919 -1.91749907 -0.90840364
v -1.01782119 -2.06493187 2.04775
v -0.84369093 -2.0771091 2.04775
v -0.83252919 -1.91749883 2.04775
v -1.00665939 -1.90532172 2.04775
v -0.84369093 -2.07710934 -0.90840364
v -1.01782119 -2.06493211 -0.90840364
v -1.00665939 -1.90532196 -0.90840364
v -0.83252919 -1.91749907 -0.90840364
v -0.84369093 -2.0771091 2.04775
v -0.84369093 -2.07710934 -0.90840364
v -0.83252919 -1.91749907 -0.90840364
v -0.83252919 -1.91749883 2.04775
v -1.01782119 -2.06493211 -0.90840364
v -1.01782119 -2.06493187 2.04775
v -1.00665939 -1.90532172 2.04775
v -1.00665939 -1.90532196 -0.90840364
vn -0.06976 -0.99756 0
vn -0.06976 -0.99756 0
vn -0.06976 -0.99756 0
vn -0.06976 -0.99756 0
vn 0.06976 0.99756 0
vn 0.06976 0.99756 -0
vn 0.06976 0.99756 -0
vn 0.06976 0.99756 -0
vn 0 0 1
vn 0 0 1
vn 0 0 1
vn -0 0 1
vn -0 0 -1
vn 0 0 -1
vn -0 0 -1
vn -0 0 -1
vn 0.99756 -0.06976 0
vn 0.99756 -0.06976 0
vn 0.99756 -0.06976 0
vn 0.99756 -0.06976 0
vn -0.99756 0.06976 -0
vn -0.99756 0.06976 -0
vn -0.99756 0.06976 -0
vn -0.99756 0.06976 0
usemtl mat29
f 1181//1181 1182//1182 1183//1183
f 1181//1181 1183//1183 1184//1184
f 1185//1185 1186//1186 1187//1187
f 1186//1186 1188//1188 1187//1187
f 1189//1189 1190//1190 1191//1191
f 1189//1189 1191//1191 1192//1192
f 1193//1193 1194//1194 1195//1195
f 1193//1193 1195//1195 1196//1196
f 1197//1197 1198//1198 1199//1199
f 1197//1197 1199//1199 1200//1200
f 1201//1201 1202//1202 1203//1203
f 1201//1201 1203//1203 1204//1204
# Vertices: 24, normals: 24, texture coordinates: 0, faces: 12

o obj31
v 7.1387701 1.69086874 -0.90840393
v 7.13700151 1.66682434 -0.90840393
v 7.13700151 1.66682458 2.04774976
v 7.1387701 1.69086897 2.04774976
v 7.13700151 1.66682458 1.49751449
v 7.07041264 0.76147693 1.49751449
v 7.07041264 0.76147699 2.04774976
v 7.13700151 1.66682458 2.04774976
v 7.07041264 0.76147676 -0.90840393
v 6.85555935 -2.15968251 -0.90840369
v 6.85555935 -2.15968227 2.04775
v 7.07041264 0.76147699 2.04774976
v 7.22998142 0.7497406 2.04774976
v 7.01512861 -2.17141867 2.04775
v 7.22998142 0.74974036 -0.90840393
v 7.01512861 -2.17141891 -0.90840369
v 7.2965703 1.65508819 2.04774976
v 7.22998142 0.7497406 2.04774976
v 7.2965703 1.65508819 1.49751449
v 7.22998142 0.74974054 1.49751449
v 7.29833889 1.67913258 2.04774976
v 7.2965703 1.65508819 2.04774976
v 7.29833889 1.67913234 -0.90840393
v 7.2965703 1.65508795 -0.90840393
v 7.07041264 0.76147676 -0.90840393
v 7.07041264 0.76147693 1.49751449
v 7.22998142 0.74974054 1.49751449
v 7.22998142 0.74974036 -0.90840393
v 7.07041264 0.76147693 1.49751449
v 7.13700151 1.6668247 1.49751437
v 7.2965703 1.65508831 1.49751437
v 7.22998142 0.74974054 1.49751449
v 7.13700151 1.6668247 1.49751437
v 7.13700151 1.66682446 -0.90840393
v 7.2965703 1.65508807 -0.90840393
v 7.2965703 1.65508831 1.49751437
v 7.1387701 1.69086897 2.04774976
v 6.85555935 -2.15968227 2.04775
v 7.01512861 -2.17141867 2.04775
v 7.29833889 1.67913258 2.04774976
v 6.85555935 -2.15968251 -0.90840369
v 7.07041264 0.76147676 -0.90840393
v 7.22998142 0.74974036 -0.90840393
v 7.01512861 -2.17141891 -0.90840369
v 6.85555935 -2.15968227 2.04775
v 6.85555935 -2.15968251 -0.90840369
v 7.01512861 -2.17141891 -0.90840369
v 7.01512861 -2.17141867 2.04775
v 7.1387701 1.69086874 -0.90840393
v 7.1387701 1.69086897 2.04774976
v 7.29833889 1.67913258 2.04774976
v 7.29833889 1.67913234 -0.90840393
v 6.85555935 -2.15968251 -0.90840369
v 7.01512861 -2.17141891 -0.90840369
v 7.00343418 -2.33041453 -0.90840369
v 6.84439754 -2.31929231 -0.90840369
v 6.85555935 -2.15968227 2.04775
v 7.00343418 -2.33041453 2.04775
v 7.01512861 -2.17141867 2.04775
v 6.84439754 -2.31929231 2.04775
v 6.85555935 -2.15968251 -0.90840369
v 7.01512861 -2.17141867 2.04775
v 7.01512861 -2.17141891 -0.90840369
v 6.85555935 -2.15968227 2.04775
v 7.01512861 -2.17141891 -0.90840369
v 7.00343418 -2.33041453 2.04775
v 7.00343418 -2.33041453 -0.90840369
v 7.01512861 -2.17141867 2.04775
v 7.00343418 -2.33041453 -0.90840369
v 6.84439754 -2.31929231 2.04775
v 6.84439754 -2.31929231 -0.90840369
v 7.00343418 -2.33041453 2.04775
v 6.84439754 -2.31929231 -0.90840369
v 6.85555935 -2.15968227 2.04775
v 6.85555935 -2.15968251 -0.90840369
v 6.84439754 -2.31929231 2.04775
vn -0.9973 0.07338 -0
vn -0.9973 0.07338 0
vn -0.9973 0.07338 -0
vn -0.9973 0.07338 -0
vn -0.99731 0.07335 0
vn -0.99731 0.07335 0
vn -0.99731 0.07335 0
vn -0.99731 0.07335 0
vn -0.99731 0.07335 -0
vn -0.99731 0.07335 -0
vn -0.99731 0.07335 -0
vn -0.99731 0.07335 -0
vn 0.99731 -0.07335 0
vn 0.99731 -0.07335 0
vn 0.99731 -0.07335 0
vn 0.99731 -0.07335 0
vn 0.99731 -0.07335 0
vn 0.99731 -0.07335 0
vn 0.99731 -0.07335 0
vn 0.99731 -0.07335 0
vn 0.99731 -0.07333 0
vn 0.99731 -0.07333 0
vn 0.9973 -0.07338 0
vn 0.9973 -0.07338 0
vn 0.07335 0.99731 -0
vn 0.07335 0.99731 -0
vn 0.07335 0.99731 -0
vn 0.07335 0.99731 -0
vn 0 -0 -1
vn -0 -0 -1
vn -0 -0 -1
vn 0 -0 -1
vn -0.07335 -0.99731 0
vn -0.07335 -0.99731 0
vn -0.07335 -0.99731 0
vn -0.07335 -0.99731 0
vn 0 0 1
vn -0 0 1
vn -0 0 1
vn 0 0 1
vn -0 -0 -1
vn -0 -0 -1
vn -0 -0 -1
vn 0 -0 -1
vn -0.07335 -0.99731 0
vn -0.07335 -0.99731 0
vn -0.07335 -0.99731 0
vn -0.07335 -0.99731 0
vn 0.07335 0.99731 -0
vn 0.07335 0.99731 -0
vn 0.07335 0.99731 -0
vn 0.07335 0.99731 -0
vn 0 0 -1
vn 0 0 -1
vn 0 0 -1
vn 0 0 -1
vn 0 0 1
vn 0 0 1
vn 0 0 1
vn 0 0 1
vn 0.07335 0.99731 -0
vn 0.07335 0.99731 -0
vn 0.07335 0.99731 0
vn 0.07335 0.99731 -0
vn 0.99731 -0.07335 0
vn 0.99731 -0.07336 0
vn 0.99731 -0.07335 0
vn 0.99731 -0.07336 0
vn -0.06976 -0.99756 0
vn -0.06976 -0.99756 0
vn -0.06976 -0.99756 0
vn -0.06976 -0.99756 0
vn -0.99756 0.06976 -0
vn -0.99756 0.06976 -0
vn -0.99756 0.06976 -0
vn -0.99756 0.06976 0
usemtl mat30
f 1205//1205 1206//1206 1207//1207
f 1205//1205 1207//1207 1208//1208
f 1209//1209 1210//1210 1211//1211
f 1209//1209 1211//1211 1212//1212
f 1213//1213 1214//1214 1215//1215
f 1213//1213 1215//1215 1216//1216
f 1217//1217 1218//1218 1219//1219
f 1218//1218 1220//1220 1219//1219
f 1221//1221 1222//1222 1223//1223
f 1222//1222 1224//1224 1223//1223
f 1225//1225 1226//1226 1227//1227
f 1226//1226 1228//1228 1227//1227
f 1229//1229 1230//1230 1231//1231
f 1229//1229 1231//1231 1232//1232
f 1233//1233 1234//1234 1235//1235
f 1233//1233 1235//1235 1236//1236
f 1237//1237 1238//1238 1239//1239
f 1237//1237 1239//1239 1240//1240
f 1241//1241 1242//1242 1243//1243
f 1241//1241 1243//1243 1244//1244
f 1245//1245 1246//1246 1247//1247
f 1245//1245 1247//1247 1248//1248
f 1249//1249 1250//1250 1251//1251
f 1249//1249 1251//1251 1252//1252
f 1253//1253 1254//1254 1255//1255
f 1253//1253 1255//1255 1256//1256
f 1257//1257 1258//1258 1259//1259
f 1259//1259 1260//1260 1257//1257
f 1261//1261 1262//1262 1263//1263
f 1264//1264 1262//1262 1261//1261
f 1265//1265 1266//1266 1267//1267
f 1268//1268 1266//1266 1265//1265
f 1269//1269 1270//1270 1271//1271
f 1272//1272 1270//1270 1269//1269
f 1273//1273 1274//1274 1275//1275
f 1276//1276 1274//1274 1273//1273
f 1277//1277 1278//1278 1279//1279
f 1280//1280 1278//1278 1277//1277
# Vertices: 76, normals: 76, texture coordinates: 0, faces: 38

o obj32
v 2.26622891 -6.52524948 -0.90840334
v -1.2087307 -6.28223991 -0.90840334
v -1.2087307 -6.28223991 2.04775023
v 2.26622891 -6.52524948 2.04775023
v 2.25506711 -6.68485928 2.04775023
v -1.2198925 -6.44185019 2.04775023
v 2.25506711 -6.68485975 -0.90840334
v -1.2198925 -6.44185019 -0.90840334
v 2.26622891 -6.52524948 2.04775023
v -1.2087307 -6.28223991 2.04775023
v -1.2198925 -6.44185019 2.04775023
v 2.25506711 -6.68485928 2.04775023
v -1.2087307 -6.28223991 -0.90840334
v 2.26622891 -6.52524948 -0.90840334
v 2.25506711 -6.68485975 -0.90840334
v -1.2198925 -6.44185019 -0.90840334
v -1.2087307 -6.28223991 2.04775023
v -1.2087307 -6.28223991 -0.90840334
v -1.2198925 -6.44185019 -0.90840334
v -1.2198925 -6.44185019 2.04775023
v 2.26622891 -6.52524948 -0.90840334
v 2.26622891 -6.52524948 2.04775023
v 2.25506711 -6.68485928 2.04775023
v 2.25506711 -6.68485975 -0.90840334
v -1.2087307 -6.28223991 -0.90840334
v -1.2198925 -6.44185019 -0.90840334
v -1.31135309 -6.43545437 -0.90840334
v -1.35207903 -6.35331202 -0.90840334
v -1.2087307 -6.28223991 2.04775023
v -1.31135309 -6.43545389 2.04775023
v -1.2198925 -6.44185019 2.04775023
v -1.35207903 -6.35331154 2.04775023
v -1.2087307 -6.28223991 -0.90840334
v -1.2198925 -6.44185019 2.04775023
v -1.2198925 -6.44185019 -0.90840334
v -1.2087307 -6.28223991 2.04775023
v -1.2198925 -6.44185019 -0.90840334
v -1.31135309 -6.43545389 2.04775023
v -1.31135309 -6.43545437 -0.90840334
v -1.2198925 -6.44185019 2.04775023
v -1.31135309 -6.43545437 -0.90840334
v -1.35207903 -6.35331154 2.04775023
v -1.35207903 -6.35331202 -0.90840334
v -1.31135309 -6.43545389 2.04775023
v -1.35207903 -6.35331202 -0.90840334
v -1.2087307 -6.28223991 2.04775023
v -1.2087307 -6.28223991 -0.90840334
v -1.35207903 -6.35331154 2.04775023
vn 0.06976 0.99756 0
vn 0.06976 0.99756 0
vn 0.06976 0.99756 0
vn 0.06976 0.99756 0
vn -0.06976 -0.99756 0
vn -0.06976 -0.99756 0
vn -0.06976 -0.99756 0
vn -0.06976 -0.99756 0
vn 0 0 1
vn 0 0 1
vn 0 0 1
vn 0 0 1
vn 0 0 -1
vn -0 0 -1
vn -0 0 -1
vn 0 0 -1
vn -0.99756 0.06976 0
vn -0.99756 0.06976 0
vn -0.99756 0.06976 0
vn -0.99756 0.06976 0
vn 0.99756 -0.06976 0
vn 0.99756 -0.06976 0
vn 0.99756 -0.06976 0
vn 0.99756 -0.06976 0
vn -0 0 -1
vn 0 0 -1
vn -0 0 -1
vn -0 0 -1
vn -0 0 1
vn -0 0 1
vn -0 0 1
vn 0 0 1
vn 0.99756 -0.06976 0
vn 0.99756 -0.06976 0
vn 0.99756 -0.06976 0
vn 0.99756 -0.06976 0
vn -0.06976 -0.99756 0
vn -0.06976 -0.99756 0
vn -0.06976 -0.99756 0
vn -0.06976 -0.99756 0
vn -0.89593 -0.4442 0
vn -0.89593 -0.4442 0
vn -0.89593 -0.4442 0
vn -0.89593 -0.4442 0
vn -0.4442 0.89593 0
vn -0.4442 0.89593 0
vn -0.4442 0.89593 0
vn -0.4442 0.89593 0
usemtl mat31
f 1281//1281 1282//1282 1283//1283
f 1281//1281 1283//1283 1284//1284
f 1285//1285 1286//1286 1287//1287
f 1286//1286 1288//1288 1287//1287
f 1289//1289 1290//1290 1291//1291
f 1289//1289 1291//1291 1292//1292
f 1293//1293 1294//1294 1295//1295
f 1293//1293 1295//1295 1296//1296
f 1297//1297 1298//1298 1299//1299
f 1297//1297 1299//1299 1300//1300
f 1301//1301 1302//1302 1303//1303
f 1301//1301 1303//1303 1304//1304
f 1305//1305 1306//1306 1307//1307
f 1307//1307 1308//1308 1305//1305
f 1309//1309 1310//1310 1311//1311
f 1312//1312 1310//1310 1309//1309
f 1313//1313 1314//1314 1315//1315
f 1316//1316 1314//1314 1313//1313
f 1317//1317 1318//1318 1319//1319
f 1320//1320 1318//1318 1317//1317
f 1321//1321 1322//1322 1323//1323
f 1324//1324 1322//1322 1321//1321
f 1325//1325 1326//1326 1327//1327
f 1328//1328 1326//1326 1325//1325
# Vertices: 48, normals: 48, texture coordinates: 0, faces: 24

o obj33
v 6.22117329 -6.83239365 -0.90840328
v 2.76545906 -6.59073067 -0.90840328
v 2.76545906 -6.59073067 2.04775047
v 6.22117329 -6.83239365 2.04775047
v 6.21001148 -6.99200344 2.04775047
v 2.75429726 -6.75034094 2.04775047
v 6.21001148 -6.99200392 -0.90840328
v 2.75429726 -6.75034094 -0.90840328
v 6.22117329 -6.83239365 2.04775047
v 2.76545906 -6.59073067 2.04775047
v 2.75429726 -6.75034094 2.04775047
v 6.21001148 -6.99200344 2.04775047
v 2.76545906 -6.59073067 -0.90840328
v 6.22117329 -6.83239365 -0.90840328
v 6.21001148 -6.99200392 -0.90840328
v 2.75429726 -6.75034094 -0.90840328
v 2.76545906 -6.59073067 2.04775047
v 2.76545906 -6.59073067 -0.90840328
v 2.75429726 -6.75034094 -0.90840328
v 2.75429726 -6.75034094 2.04775047
v 6.22117329 -6.83239365 -0.90840328
v 6.22117329 -6.83239365 2.04775047
v 6.21001148 -6.99200344 2.04775047
v 6.21001148 -6.99200392 -0.90840328
v 2.76545906 -6.59073019 -0.90840328
v 2.75429726 -6.75034046 -0.90840328
v 2.59468699 -6.73917866 -0.90840328
v 2.60584879 -6.57956839 -0.90840328
v 2.76545906 -6.59073019 2.04775047
v 2.59468699 -6.73917866 2.04775047
v 2.75429726 -6.75034046 2.04775047
v 2.60584879 -6.57956791 2.04775047
v 2.76545906 -6.59073019 -0.90840328
v 2.75429726 -6.75034046 2.04775047
v 2.75429726 -6.75034046 -0.90840328
v 2.76545906 -6.59073019 2.04775047
v 2.75429726 -6.75034046 -0.90840328
v 2.59468699 -6.73917866 2.04775047
v 2.59468699 -6.73917866 -0.90840328
v 2.75429726 -6.75034046 2.04775047
v 2.59468699 -6.73917866 -0.90840328
v 2.60584879 -6.57956791 2.04775047
v 2.60584879 -6.57956839 -0.90840328
v 2.59468699 -6.73917866 2.04775047
v 2.60584879 -6.57956839 -0.90840328
v 2.76545906 -6.59073019 2.04775047
v 2.76545906 -6.59073019 -0.90840328
v 2.60584879 -6.57956791 2.04775047
vn 0.06976 0.99756 0
vn 0.06976 0.99756 0
vn 0.06976 0.99756 0
vn 0.06976 0.99756 0
vn -0.06976 -0.99756 0
vn -0.06976 -0.99756 0
vn -0.06976 -0.99756 0
vn -0.06976 -0.99756 0
vn 0 0 1
vn 0 0 1
vn 0 0 1
vn 0 0 1
vn 0 0 -1
vn 0 0 -1
vn 0 0 -1
vn 0 0 -1
vn -0.99756 0.06976 0
vn -0.99756 0.06976 0
vn -0.99756 0.06976 0
vn -0.99756 0.06976 0
vn 0.99756 -0.06976 0
vn 0.99756 -0.06976 0
vn 0.99756 -0.06976 0
vn 0.99756 -0.06976 0
vn 0 0 -1
vn -0 0 -1
vn 0 0 -1
vn 0 0 -1
vn -0 0 1
vn -0 0 1
vn -0 0 1
vn 0 0 1
vn 0.99756 -0.06976 0
vn 0.99756 -0.06976 0
vn 0.99756 -0.06976 0
vn 0.99756 -0.06976 0
vn -0.06976 -0.99756 0
vn -0.06976 -0.99756 0
vn -0.06976 -0.99756 0
vn -0.06976 -0.99756 0
vn -0.99756 0.06976 0
vn -0.99756 0.06976 0
vn -0.99756 0.06976 0
vn -0.99756 0.06976 0
vn 0.06976 0.99756 -0
vn 0.06976 0.99756 -0
vn 0.06976 0.99756 0
vn 0.06976 0.99756 -0
usemtl mat32
f 1329//1329 1330//1330 1331//1331
f 1329//1329 1331//1331 1332//1332
f 1333//1333 1334//1334 1335//1335
f 1334//1334 1336//1336 1335//1335
f 1337//1337 1338//1338 1339//1339
f 1337//1337 1339//1339 1340//1340
f 1341//1341 1342//1342 1343//1343
f 1341//1341 1343//1343 1344//1344
f 1345//1345 1346//1346 1347//1347
f 1345//1345 1347//1347 1348//1348
f 1349//1349 1350//1350 1351//1351
f 1349//1349 1351//1351 1352//1352
f 1353//1353 1354//1354 1355//1355
f 1355//1355 1356//1356 1353//1353
f 1357//1357 1358//1358 1359//1359
f 1360//1360 1358//1358 1357//1357
f 1361//1361 1362//1362 1363//1363
f 1364//1364 1362//1362 1361//1361
f 1365//1365 1366//1366 1367//1367
f 1368//1368 1366//1366 1365//1365
f 1369//1369 1370//1370 1371//1371
f 1372//1372 1370//1370 1369//1369
f 1373//1373 1374//1374 1375//1375
f 1376//1376 1374//1374 1373//1373
# Vertices: 48, normals: 48, texture coordinates: 0, faces: 24

o obj34
v 3.65690374 2.21756554 -0.90840399
v 7.05090475 1.9802177 -0.90840399
v 7.05090475 1.98021793 2.04774952
v 3.65690374 2.21756577 2.04774952
v 3.66806555 2.37717605 2.04774952
v 7.06206656 2.13982821 2.04774952
v 3.66806555 2.37717581 -0.90840399
v 7.06206656 2.13982797 -0.90840399
v 3.65690374 2.21756577 2.04774952
v 7.05090475 1.98021793 2.04774952
v 7.06206656 2.13982821 2.04774952
v 3.66806555 2.37717605 2.04774952
v 7.05090475 1.9802177 -0.90840399
v 3.65690374 2.21756554 -0.90840399
v 3.66806555 2.37717581 -0.90840399
v 7.06206656 2.13982797 -0.90840399
v 7.05090475 1.98021793 2.04774952
v 7.05090475 1.9802177 -0.90840399
v 7.06206656 2.13982797 -0.90840399
v 7.06206656 2.13982821 2.04774952
v 3.65690374 2.21756554 -0.90840399
v 3.65690374 2.21756577 2.04774952
v 3.66806555 2.37717605 2.04774952
v 3.66806555 2.37717581 -0.90840399
v 7.05090475 1.98021793 -0.90840399
v 7.06206656 2.13982821 -0.90840399
v 7.17198515 2.13214135 -0.90840399
v 7.20400143 2.02670813 -0.90840399
v 7.05090475 1.98021817 2.04774952
v 7.17198515 2.13214159 2.04774952
v 7.06206656 2.13982844 2.04774952
v 7.20400143 2.02670813 2.04774952
v 7.05090475 1.98021793 -0.90840399
v 7.06206656 2.13982844 2.04774952
v 7.06206656 2.13982821 -0.90840399
v 7.05090475 1.98021817 2.04774952
v 7.06206656 2.13982821 -0.90840399
v 7.17198515 2.13214159 2.04774952
v 7.17198515 2.13214135 -0.90840399
v 7.06206656 2.13982844 2.04774952
v 7.17198515 2.13214135 -0.90840399
v 7.20400143 2.02670813 2.04774952
v 7.20400143 2.02670813 -0.90840399
v 7.17198515 2.13214159 2.04774952
v 7.20400143 2.02670813 -0.90840399
v 7.05090475 1.98021817 2.04774952
v 7.05090475 1.98021793 -0.90840399
v 7.20400143 2.02670813 2.04774952
vn -0.06976 -0.99756 0
vn -0.06976 -0.99756 0
vn -0.06976 -0.99756 0
vn -0.06976 -0.99756 0
vn 0.06976 0.99756 0
vn 0.06976 0.99756 0
vn 0.06976 0.99756 0
vn 0.06976 0.99756 0
vn 0 0 1
vn 0 0 1
vn 0 0 1
vn 0 0 1
vn -0 0 -1
vn 0 0 -1
vn 0 0 -1
vn -0 0 -1
vn 0.99756 -0.06976 0
vn 0.99756 -0.06976 0
vn 0.99756 -0.06976 0
vn 0.99756 -0.06976 0
vn -0.99756 0.06976 -0
vn -0.99756 0.06976 0
vn -0.99756 0.06976 -0
vn -0.99756 0.06976 -0
vn 0 0 -1
vn 0 0 -1
vn 0 0 -1
vn -0 0 -1
vn 0 0 1
vn 0 0 1
vn 0 0 1
vn 0 0 1
vn -0.99756 0.06976 -0
vn -0.99756 0.06976 -0
vn -0.99756 0.06976 -0
vn -0.99756 0.06976 0
vn 0.06976 0.99756 0
vn 0.06976 0.99756 0
vn 0.06976 0.99756 0
vn 0.06976 0.99756 0
vn 0.95685 0.29057 0
vn 0.95686 0.29056 0
vn 0.95685 0.29057 0
vn 0.95686 0.29056 0
vn 0.29056 -0.95686 0
vn 0.29056 -0.95686 0
vn 0.29057 -0.95686 0
vn 0.29056 -0.95686 0
usemtl mat33
f 1377//1377 1378//1378 1379//1379
f 1377//1377 1379//1379 1380//1380
f 1381//1381 1382//1382 1383//1383
f 1382//1382 1384//1384 1383//1383
f 1385//1385 1386//1386 1387//1387
f 1385//1385 1387//1387 1388//1388
f 1389//1389 1390//1390 1391//1391
f 1389//1389 1391//1391 1392//1392
f 1393//1393 1394//1394 1395//1395
f 1393//1393 1395//1395 1396//1396
f 1397//1397 1398//1398 1399//1399
f 1397//1397 1399//1399 1400//1400
f 1401//1401 1402//1402 1403//1403
f 1403//1403 1404//1404 1401//1401
f 1405//1405 1406//1406 1407//1407
f 1408//1408 1406//1406 1405//1405
f 1409//1409 1410//1410 1411//1411
f 1412//1412 1410//1410 1409//1409
f 1413//1413 1414//1414 1415//1415
f 1416//1416 1414//1414 1413//1413
f 1417//1417 1418//1418 1419//1419
f 1420//1420 1418//1418 1417//1417
f 1421//1421 1422//1422 1423//1423
f 1424//1424 1422//1422 1421//1421
# Vertices: 48, normals: 48, texture coordinates: 0, faces: 24

o obj35
v -0.50943613 2.5886724 -0.90840399
v 2.91489983 2.34920311 -0.90840399
v 2.91489983 2.34920335 2.04774952
v -0.50943613 2.58867264 2.04774952
v -0.49827433 2.74828291 2.04774952
v 2.92606163 2.50881338 2.04774952
v -0.49827433 2.74828267 -0.90840399
v 2.92606163 2.50881338 -0.90840399
v -0.50943613 2.58867264 2.04774952
v 2.91489983 2.34920335 2.04774952
v 2.92606163 2.50881338 2.04774952
v -0.49827433 2.74828291 2.04774952
v 2.91489983 2.34920311 -0.90840399
v -0.50943613 2.5886724 -0.90840399
v -0.49827433 2.74828267 -0.90840399
v 2.92606163 2.50881338 -0.90840399
v 2.91489983 2.34920335 2.04774952
v 2.91489983 2.34920311 -0.90840399
v 2.92606163 2.50881338 -0.90840399
v 2.92606163 2.50881338 2.04774952
v -0.50943613 2.5886724 -0.90840399
v -0.50943613 2.58867264 2.04774952
v -0.49827433 2.74828291 2.04774952
v -0.49827433 2.74828267 -0.90840399
v 2.91489983 2.34920311 -0.90840399
v 2.92606163 2.50881338 -0.90840399
v 3.08567166 2.49765158 -0.90840399
v 3.0745101 2.33804131 -0.90840399
v 2.91489983 2.34920335 2.04774952
v 3.08567166 2.49765158 2.04774952
v 2.92606163 2.50881338 2.04774952
v 3.0745101 2.33804154 2.04774952
v 2.91489983 2.34920311 -0.90840399
v 2.92606163 2.50881338 2.04774952
v 2.92606163 2.50881338 -0.90840399
v 2.91489983 2.34920335 2.04774952
v 2.92606163 2.50881338 -0.90840399
v 3.08567166 2.49765158 2.04774952
v 3.08567166 2.49765158 -0.90840399
v 2.92606163 2.50881338 2.04774952
v 3.08567166 2.49765158 -0.90840399
v 3.0745101 2.33804154 2.04774952
v 3.0745101 2.33804131 -0.90840399
v 3.08567166 2.49765158 2.04774952
v 3.0745101 2.33804131 -0.90840399
v 2.91489983 2.34920335 2.04774952
v 2.91489983 2.34920311 -0.90840399
v 3.0745101 2.33804154 2.04774952
vn -0.06976 -0.99756 0
vn -0.06976 -0.99756 0
vn -0.06976 -0.99756 0
vn -0.06976 -0.99756 0
vn 0.06976 0.99756 0
vn 0.06976 0.99756 0
vn 0.06976 0.99756 0
vn 0.06976 0.99756 0
vn 0 0 1
vn 0 0 1
vn 0 0 1
vn 0 0 1
vn 0 0 -1
vn 0 0 -1
vn 0 0 -1
vn 0 0 -1
vn 0.99756 -0.06976 0
vn 0.99756 -0.06976 0
vn 0.99756 -0.06976 0
vn 0.99756 -0.06976 0
vn -0.99756 0.06976 -0
vn -0.99756 0.06976 -0
vn -0.99756 0.06976 -0
vn -0.99756 0.06976 0
vn 0 0 -1
vn -0 0 -1
vn -0 0 -1
vn 0 0 -1
vn 0 0 1
vn 0 0 1
vn -0 0 1
vn 0 0 1
vn -0.99756 0.06976 -0
vn -0.99756 0.06976 -0
vn -0.99756 0.06976 0
vn -0.99756 0.06976 -0
vn 0.06976 0.99756 0
vn 0.06976 0.99756 0
vn 0.06976 0.99756 0
vn 0.06976 0.99756 0
vn 0.99756 -0.06976 0
vn 0.99756 -0.06976 0
vn 0.99756 -0.06976 0
vn 0.99756 -0.06976 0
vn -0.06976 -0.99756 0
vn -0.06976 -0.99756 0
vn -0.06976 -0.99756 0
vn -0.06976 -0.99756 0
usemtl mat34
f 1425//1425 1426//1426 1427//1427
f 1425//1425 1427//1427 1428//1428
f 1429//1429 1430//1430 1431//1431
f 1430//1430 1432//1432 1431//1431
f 1433//1433 1434//1434 1435//1435
f 1433//1433 1435//1435 1436//1436
f 1437//1437 1438//1438 1439//1439
f 1437//1437 1439//1439 1440//1440
f 1441//1441 1442//1442 1443//1443
f 1441//1441 1443//1443 1444//1444
f 1445//1445 1446//1446 1447//1447
f 1445//1445 1447//1447 1448//1448
f 1449//1449 1450//1450 1451//1451
f 1451//1451 1452//1452 1449//1449
f 1453//1453 1454//1454 1455//1455
f 1456//1456 1454//1454 1453//1453
f 1457//1457 1458//1458 1459//1459
f 1460//1460 1458//1458 1457//1457
f 1461//1461 1462//1462 1463//1463
f 1464//1464 1462//1462 1461//1461
f 1465//1465 1466//1466 1467//1467
f 1468//1468 1466//1466 1465//1465
f 1469//1469 1470//1470 1471//1471
f 1472//1472 1470//1470 1469//1469
# Vertices: 48, normals: 48, texture coordinates: 0, faces: 24

o obj36
v -0.84369093 -2.07710934 -0.90840369
v -0.80791754 -1.56555963 -0.90840369
v -0.80791754 -1.56555939 2.04775
v -0.84369093 -2.0771091 2.04775
v -1.00330114 -2.06594729 2.04775
v -0.96752775 -1.55439758 2.04775
v -1.00330114 -2.06594753 -0.90840369
v -0.96752775 -1.55439782 -0.90840369
v -0.84369093 -2.0771091 2.04775
v -0.80791754 -1.56555939 2.04775
v -0.96752775 -1.55439758 2.04775
v -1.00330114 -2.06594729 2.04775
v -0.80791754 -1.56555963 -0.90840369
v -0.84369093 -2.07710934 -0.90840369
v -1.00330114 -2.06594753 -0.90840369
v -0.96752775 -1.55439782 -0.90840369
v -0.80791754 -1.56555939 2.04775
v -0.80791754 -1.56555963 -0.90840369
v -0.96752775 -1.55439782 -0.90840369
v -0.96752775 -1.55439758 2.04775
v -0.84369093 -2.07710934 -0.90840369
v -0.84369093 -2.0771091 2.04775
v -1.00330114 -2.06594729 2.04775
v -1.00330114 -2.06594753 -0.90840369
vn 0.99756 -0.06976 0
vn 0.99756 -0.06976 0
vn 0.99756 -0.06976 0
vn 0.99756 -0.06976 0
vn -0.99756 0.06976 -0
vn -0.99756 0.06976 -0
vn -0.99756 0.06976 -0
vn -0.99756 0.06976 -0
vn 0 0 1
vn 0 0 1
vn 0 0 1
vn 0 0 1
vn -0 0 -1
vn 0 0 -1
vn 0 0 -1
vn -0 0 -1
vn 0.06976 0.99756 -0
vn 0.06976 0.99756 -0
vn 0.06976 0.99756 -0
vn 0.06976 0.99756 -0
vn -0.06976 -0.99756 0
vn -0.06976 -0.99756 0
vn -0.06976 -0.99756 0
vn -0.06976 -0.99756 0
usemtl mat35
f 1473//1473 1474//1474 1475//1475
f 1473//1473 1475//1475 1476//1476
f 1477//1477 1478//1478 1479//1479
f 1478//1478 1480//1480 1479//1479
f 1481//1481 1482//1482 1483//1483
f 1481//1481 1483//1483 1484//1484
f 1485//1485 1486//1486 1487//1487
f 1485//1485 1487//1487 1488//1488
f 1489//1489 1490//1490 1491//1491
f 1489//1489 1491//1491 1492//1492
f 1493//1493 1494//1494 1495//1495
f 1493//1493 1495//1495 1496//1496
# Vertices: 24, normals: 24, texture coordinates: 0, faces: 12

o obj37
v 6.65254021 -2.14548469 -0.90840364
v 6.61372948 -2.70045948 -0.90840364
v 6.61372948 -2.70045924 2.04775
v 6.65254021 -2.14548445 2.04775
v 6.81215 -2.15664625 2.04775
v 6.77333975 -2.71162105 2.04775
v 6.81215 -2.15664649 -0.90840364
v 6.77333975 -2.71162128 -0.90840364
v 6.65254021 -2.14548445 2.04775
v 6.61372948 -2.70045924 2.04775
v 6.77333975 -2.71162105 2.04775
v 6.81215 -2.15664625 2.04775
v 6.61372948 -2.70045948 -0.90840364
v 6.65254021 -2.14548469 -0.90840364
v 6.81215 -2.15664649 -0.90840364
v 6.77333975 -2.71162128 -0.90840364
v 6.61372948 -2.70045924 2.04775
v 6.61372948 -2.70045948 -0.90840364
v 6.77333975 -2.71162128 -0.90840364
v 6.77333975 -2.71162105 2.04775
v 6.65254021 -2.14548469 -0.90840364
v 6.65254021 -2.14548445 2.04775
v 6.81215 -2.15664625 2.04775
v 6.81215 -2.15664649 -0.90840364
vn -0.99756 0.06976 -0
vn -0.99756 0.06976 -0
vn -0.99756 0.06976 -0
vn -0.99756 0.06976 -0
vn 0.99756 -0.06976 0
vn 0.99756 -0.06976 0
vn 0.99756 -0.06976 0
vn 0.99756 -0.06976 0
vn -0 0 1
vn -0 0 1
vn -0 0 1
vn 0 0 1
vn -0 0 -1
vn -0 0 -1
vn -0 0 -1
vn 0 0 -1
vn -0.06976 -0.99756 0
vn -0.06976 -0.99756 0
vn -0.06976 -0.99756 0
vn -0.06976 -0.99756 0
vn 0.06976 0.99756 -0
vn 0.06976 0.99756 0
vn 0.06976 0.99756 -0
vn 0.06976 0.99756 -0
usemtl mat36
f 1497//1497 1498//1498 1499//1499
f 1497//1497 1499//1499 1500//1500
f 1501//1501 1502//1502 1503//1503
f 1502//1502 1504//1504 1503//1503
f 1505//1505 1506//1506 1507//1507
f 1505//1505 1507//1507 1508//1508
f 1509//1509 1510//1510 1511//1511
f 1509//1509 1511//1511 1512//1512
f 1513//1513 1514//1514 1515//1515
f 1513//1513 1515//1515 1516//1516
f 1517//1517 1518//1518 1519//1519
f 1517//1517 1519//1519 1520//1520
# Vertices: 24, normals: 24, texture coordinates: 0, faces: 12

o obj38
v -0.52752566 2.32999945 -0.90840399
v -0.50943613 2.5886724 -0.90840399
v -0.50943613 2.58867264 2.04774952
v -0.52752566 2.32999969 2.04774952
v -0.68713582 2.34116149 2.04774952
v -0.66904634 2.59983444 2.04774952
v -0.68713582 2.34116125 -0.90840399
v -0.66904634 2.5998342 -0.90840399
v -0.52752566 2.32999969 2.04774952
v -0.50943613 2.58867264 2.04774952
v -0.66904634 2.59983444 2.04774952
v -0.68713582 2.34116149 2.04774952
v -0.50943613 2.5886724 -0.90840399
v -0.52752566 2.32999945 -0.90840399
v -0.68713582 2.34116125 -0.90840399
v -0.66904634 2.5998342 -0.90840399
v -0.50943613 2.58867264 2.04774952
v -0.50943613 2.5886724 -0.90840399
v -0.66904634 2.5998342 -0.90840399
v -0.66904634 2.59983444 2.04774952
v -0.52752566 2.32999945 -0.90840399
v -0.52752566 2.32999969 2.04774952
v -0.68713582 2.34116149 2.04774952
v -0.68713582 2.34116125 -0.90840399
v -0.50943619 2.5886724 -0.90840399
v -0.6690464 2.5998342 -0.90840399
v -0.65788448 2.75944448 -0.90840399
v -0.49827439 2.74828267 -0.90840399
v -0.50943619 2.58867264 2.04774952
v -0.65788448 2.75944471 2.04774952
v -0.6690464 2.59983444 2.04774952
v -0.49827439 2.74828291 2.04774952
v -0.50943619 2.5886724 -0.90840399
v -0.6690464 2.59983444 2.04774952
v -0.6690464 2.5998342 -0.90840399
v -0.50943619 2.58867264 2.04774952
v -0.6690464 2.5998342 -0.90840399
v -0.65788448 2.75944471 2.04774952
v -0.65788448 2.75944448 -0.90840399
v -0.6690464 2.59983444 2.04774952
v -0.65788448 2.75944448 -0.90840399
v -0.49827439 2.74828291 2.04774952
v -0.49827439 2.74828267 -0.90840399
v -0.65788448 2.75944471 2.04774952
v -0.49827439 2.74828267 -0.90840399
v -0.50943619 2.58867264 2.04774952
v -0.50943619 2.5886724 -0.90840399
v -0.49827439 2.74828291 2.04774952
vn 0.99756 -0.06976 0
vn 0.99756 -0.06976 0
vn 0.99756 -0.06976 0
vn 0.99756 -0.06976 0
vn -0.99756 0.06976 -0
vn -0.99756 0.06976 -0
vn -0.99756 0.06976 -0
vn -0.99756 0.06976 -0
vn 0 0 1
vn 0 0 1
vn 0 0 1
vn 0 0 1
vn 0 0 -1
vn 0 0 -1
vn 0 0 -1
vn 0 0 -1
vn 0.06976 0.99756 -0
vn 0.06976 0.99756 -0
vn 0.06976 0.99756 -0
vn 0.06976 0.99756 0
vn -0.06976 -0.99756 0
vn -0.06976 -0.99756 0
vn -0.06976 -0.99756 0
vn -0.06976 -0.99756 0
vn 0 0 -1
vn 0 0 -1
vn 0 0 -1
vn 0 0 -1
vn 0 0 1
vn 0 0 1
vn 0 0 1
vn -0 0 1
vn -0.06976 -0.99756 0
vn -0.06976 -0.99756 0
vn -0.06976 -0.99756 0
vn -0.06976 -0.99756 0
vn -0.99756 0.06976 -0
vn -0.99756 0.06976 -0
vn -0.99756 0.06976 0
vn -0.99756 0.06976 -0
vn 0.06976 0.99756 -0
vn 0.06976 0.99756 -0
vn 0.06976 0.99756 -0
vn 0.06976 0.99756 0
vn 0.99756 -0.06976 0
vn 0.99756 -0.06976 0
vn 0.99756 -0.06976 0
vn 0.99756 -0.06976 0
usemtl mat37
f 1521//1521 1522//1522 1523//1523
f 1521//1521 1523//1523 1524//1524
f 1525//1525 1526//1526 1527//1527
f 1526//1526 1528//1528 1527//1527
f 1529//1529 1530//1530 1531//1531
f 1529//1529 1531//1531 1532//1532
f 1533//1533 1534//1534 1535//1535
f 1533//1533 1535//1535 1536//1536
f 1537//1537 1538//1538 1539//1539
f 1537//1537 1539//1539 1540//1540
f 1541//1541 1542//1542 1543//1543
f 1541//1541 1543//1543 1544//1544
f 1545//1545 1546//1546 1547//1547
f 1547//1547 1548//1548 1545//1545
f 1549//1549 1550//1550 1551//1551
f 1552//1552 1550//1550 1549//1549
f 1553//1553 1554//1554 1555//1555
f 1556//1556 1554//1554 1553//1553
f 1557//1557 1558//1558 1559//1559
f 1560//1560 1558//1558 1557//1557
f 1561//1561 1562//1562 1563//1563
f 1564//1564 1562//1562 1561//1561
f 1565//1565 1566//1566 1567//1567
f 1568//1568 1566//1566 1565//1565
# Vertices: 48, normals: 48, texture coordinates: 0, faces: 24

o obj39
v -1.29988658 -6.0983839 0.90337396
v -1.03859842 -2.3620398 1.88189816
v -1.29988658 -6.0983839 1.8818984
v -1.03859842 -2.3620398 0.90337372
v -1.11840343 -2.3564589 1.88189816
v -1.11840343 -2.3564589 0.90337372
v -1.37969172 -6.092803 0.90337396
v -1.37969172 -6.092803 1.8818984
v -1.03859842 -2.3620398 1.88189816
v -1.03859842 -2.3620398 0.90337372
v -1.11840343 -2.3564589 0.90337372
v -1.11840343 -2.3564589 1.88189816
v -1.29988658 -6.0983839 1.8818984
v -1.03859842 -2.3620398 1.88189816
v -1.11840343 -2.3564589 1.88189816
v -1.37969172 -6.092803 1.8818984
v -1.29988658 -6.0983839 0.90337396
v -1.29988658 -6.0983839 1.8818984
v -1.37969172 -6.092803 1.8818984
v -1.37969172 -6.092803 0.90337396
v -1.03859842 -2.3620398 0.90337372
v -1.29988658 -6.0983839 0.90337396
v -1.37969172 -6.092803 0.90337396
v -1.11840343 -2.3564589 0.90337372
vn 0.99756 -0.06976 0
vn 0.99756 -0.06976 0
vn 0.99756 -0.06976 0
vn 0.99756 -0.06976 0
vn -0.99756 0.06976 0
vn -0.99756 0.06976 0
vn -0.99756 0.06976 0
vn -0.99756 0.06976 0
vn 0.06976 0.99756 0
vn 0.06976 0.99756 0
vn 0.06976 0.99756 0
vn 0.06976 0.99756 0
vn 0 0 1
vn -0 0 1
vn -0 0 1
vn 0 0 1
vn -0.06976 -0.99756 0
vn -0.06976 -0.99756 0
vn -0.06976 -0.99756 0
vn -0.06976 -0.99756 0
vn -0 -0 -1
vn -0 -0 -1
vn -0 -0 -1
vn 0 -0 -1
usemtl mat38
f 1569//1569 1570//1570 1571//1571
f 1569//1569 1572//1572 1570//1570
f 1573//1573 1574//1574 1575//1575
f 1576//1576 1573//1573 1575//1575
f 1577//1577 1578//1578 1579//1579
f 1579//1579 1580//1580 1577//1577
f 1581//1581 1582//1582 1583//1583
f 1583//1583 1584//1584 1581//1581
f 1585//1585 1586//1586 1587//1587
f 1587//1587 1588//1588 1585//1585
f 1589//1589 1590//1590 1591//1591
f 1589//1589 1591//1591 1592//1592
# Vertices: 24, normals: 24, texture coordinates: 0, faces: 12

o obj40
v 6.69339561 -3.81075716 0.78982472
v 6.64007568 -4.57320929 1.68076563
v 6.69339561 -3.81075716 1.68076563
v 6.64007568 -4.57320929 0.78982472
v 6.71988106 -4.57879019 1.68076563
v 6.71988106 -4.57879019 0.78982472
v 6.77320051 -3.81633806 0.78982472
v 6.77320051 -3.81633806 1.68076563
v 6.64007568 -4.57320929 1.68076563
v 6.64007568 -4.57320929 0.78982472
v 6.71988106 -4.57879019 0.78982472
v 6.71988106 -4.57879019 1.68076563
v 6.69339561 -3.81075716 1.68076563
v 6.64007568 -4.57320929 1.68076563
v 6.71988106 -4.57879019 1.68076563
v 6.77320051 -3.81633806 1.68076563
v 6.69339561 -3.81075716 0.78982472
v 6.69339561 -3.81075716 1.68076563
v 6.77320051 -3.81633806 1.68076563
v 6.77320051 -3.81633806 0.78982472
v 6.64007568 -4.57320929 0.78982472
v 6.69339561 -3.81075716 0.78982472
v 6.77320051 -3.81633806 0.78982472
v 6.71988106 -4.57879019 0.78982472
vn -0.99756 0.06976 0
vn -0.99756 0.06976 0
vn -0.99756 0.06976 0
vn -0.99756 0.06976 0
vn 0.99756 -0.06976 0
vn 0.99756 -0.06976 0
vn 0.99756 -0.06976 0
vn 0.99756 -0.06976 0
vn -0.06976 -0.99756 0
vn -0.06976 -0.99756 0
vn -0.06976 -0.99756 0
vn -0.06976 -0.99756 0
vn 0 0 1
vn -0 0 1
vn -0 0 1
vn 0 0 1
vn 0.06976 0.99756 0
vn 0.06976 0.99756 0
vn 0.06976 0.99756 0
vn 0.06976 0.99756 0
vn -0 0 -1
vn -0 0 -1
vn -0 0 -1
vn 0 0 -1
usemtl mat39
f 1593//1593 1594//1594 1595//1595
f 1593//1593 1596//1596 1594//1594
f 1597//1597 1598//1598 1599//1599
f 1600//1600 1597//1597 1599//1599
f 1601//1601 1602//1602 1603//1603
f 1603//1603 1604//1604 1601//1601
f 1605//1605 1606//1606 1607//1607
f 1607//1607 1608//1608 1605//1605
f 1609//1609 1610//1610 1611//1611
f 1611//1611 1612//1612 1609//1609
f 1613//1613 1614//1614 1615//1615
f 1613//1613 1615//1615 1616//1616
# Vertices: 24, normals: 24, texture coordinates: 0, faces: 12

o obj41
v -0.91551816 -0.48311162 0.7981391
v -0.85591733 0.36916322 1.53044462
v -0.91551816 -0.48311156 1.53044462
v -0.85591733 0.36916316 0.7981391
v -0.93572241 0.37474412 1.53044462
v -0.93572241 0.37474406 0.7981391
v -0.9953233 -0.47753072 0.7981391
v -0.9953233 -0.47753066 1.53044462
v -0.85591733 0.36916322 1.53044462
v -0.85591733 0.36916316 0.7981391
v -0.93572241 0.37474406 0.7981391
v -0.93572241 0.37474412 1.53044462
v -0.91551816 -0.48311156 1.53044462
v -0.85591733 0.36916322 1.53044462
v -0.93572241 0.37474412 1.53044462
v -0.9953233 -0.47753066 1.53044462
v -0.91551816 -0.48311162 0.7981391
v -0.91551816 -0.48311156 1.53044462
v -0.9953233 -0.47753066 1.53044462
v -0.9953233 -0.47753072 0.7981391
v -0.85591733 0.36916316 0.7981391
v -0.91551816 -0.48311162 0.7981391
v -0.9953233 -0.47753072 0.7981391
v -0.93572241 0.37474406 0.7981391
vn 0.99756 -0.06976 0
vn 0.99756 -0.06976 0
vn 0.99756 -0.06976 0
vn 0.99756 -0.06976 0
vn -0.99756 0.06976 -0
vn -0.99756 0.06976 -0
vn -0.99756 0.06976 -0
vn -0.99756 0.06976 -0
vn 0.06976 0.99756 -0
vn 0.06976 0.99756 -0
vn 0.06976 0.99756 -0
vn 0.06976 0.99756 -0
vn -0 0 1
vn 0 0 1
vn 0 0 1
vn -0 0 1
vn -0.06976 -0.99756 0
vn -0.06976 -0.99756 0
vn -0.06976 -0.99756 0
vn -0.06976 -0.99756 0
vn -0 0 -1
vn 0 0 -1
vn 0 0 -1
vn -0 0 -1
usemtl mat40
f 1617//1617 1618//1618 1619//1619
f 1617//1617 1620//1620 1618//1618
f 1621//1621 1622//1622 1623//1623
f 1624//1624 1621//1621 1623//1623
f 1625//1625 1626//1626 1627//1627
f 1627//1627 1628//1628 1625//1625
f 1629//1629 1630//1630 1631//1631
f 1631//1631 1632//1632 1629//1629
f 1633//1633 1634//1634 1635//1635
f 1635//1635 1636//1636 1633//1633
f 1637//1637 1638//1638 1639//1639
f 1637//1637 1639//1639 1640//1640
# Vertices: 24, normals: 24, texture coordinates: 0, faces: 12

